Model,DataSize,Tris,Verts,DataSize (LOD0),Tris (LOD0),Verts (LOD0),Parts,Bones,LODs,Meshes
mdl/error.rmdl,29284,874,1202,29284,874,1202,1,1,1,1
mdl/dev/empty_model.rmdl,78,1,3,78,1,3,1,1,1,1
mdl/pipes/pipe_modular_painted_yellow_256.rmdl,25296,824,848,12168,420,402,1,1,4,1
mdl/pipes/pipe_modular_painted_yellow_128.rmdl,36528,1128,1240,24096,768,812,1,1,3,1
mdl/industrial/zipline_arm.rmdl,156444,4278,5449,80028,2306,2758,1,1,4,1
mdl/pipes/pipe_modular_painted_yellow_64.rmdl,17304,532,588,8640,272,292,1,1,4,1
mdl/pipes/pipe_modular_painted_yellow_32_valve.rmdl,93324,2878,3169,48840,1556,1646,1,1,4,1
mdl/pipes/pipe_modular_painted_yellow_32_tjunk.rmdl,104112,3324,3507,52140,1702,1747,1,1,4,1
mdl/pipes/pipe_modular_painted_yellow_corner.rmdl,45528,1780,1452,26304,1040,836,1,1,4,1
mdl/pipes/pipe_modular_painted_yellow_32_04.rmdl,22944,720,776,12480,400,420,1,1,4,1
mdl/pipes/pipe_modular_painted_yellow_16.rmdl,39168,1232,1324,19632,632,660,1,1,4,1
mdl/pipes/pipe_modular_painted_yellow_8.rmdl,23208,740,782,12480,400,420,1,1,4,1
mdl/thunderdome/survival_modular_flexscreens_04.rmdl,216,4,8,216,4,8,1,1,1,1
mdl/IMC_base/bldg_wall_support_IMC_01_half.rmdl,13858,563,524,13858,563,524,1,1,1,1
mdl/imc_interior/imc_int_fusebox_01.rmdl,11632,342,479,9936,306,405,1,1,2,1
mdl/IMC_base/conduit_bracket_IMC_04.rmdl,1728,68,66,1728,68,66,1,1,1,1
mdl/IMC_base/conduit_bracket_IMC_02.rmdl,2488,108,92,2488,108,92,1,1,1,1
mdl/utilities/wires_hanging_64.rmdl,25224,1156,762,25224,1156,762,1,1,1,1
mdl/industrial/landing_mat_metal_02_large.rmdl,370040,13680,14398,297724,10994,11588,1,1,3,1
mdl/industrial/landing_mat_metal_02.rmdl,66200,2280,2626,49796,1766,1960,1,1,3,1
mdl/IMC_base/conduit_str_64_IMC_01.rmdl,5008,168,200,2656,96,104,1,1,3,1
mdl/IMC_base/conduit_str_32_IMC_01.rmdl,11568,528,420,7504,384,260,1,1,3,1
mdl/IMC_base/conduit_str_16_IMC_02.rmdl,8008,408,278,7304,384,250,1,1,2,1
mdl/props/caustic_mug/caustic_mug.rmdl,8748,408,315,8748,408,315,1,1,1,1
mdl/IMC_base/conduit_bend_16_IMC_02.rmdl,6984,384,234,6984,384,234,1,1,1,1
mdl/IMC_base/conduit_start_IMC_01.rmdl,3104,144,112,3104,144,112,1,1,1,1
mdl/ola/sewer_grate_01.rmdl,33824,984,1396,17064,544,690,1,1,4,2
mdl/lamps/security_light_01_on.rmdl,69100,2470,2714,36296,1406,1393,1,1,3,1
mdl/industrial/security_fence_post.rmdl,12768,418,513,12768,418,513,1,1,1,1
mdl/IMC_base/imc_tech_panel_64_01.rmdl,20200,490,863,10688,268,454,1,1,5,1
mdl/IMC_base/imc_antenna_02.rmdl,11240,330,463,11240,330,463,1,1,1,1
mdl/ola/sewer_staircase_96_quad.rmdl,11728,248,512,11728,248,512,1,1,1,2
mdl/domestic/nessy_doll.rmdl,53076,2996,1755,35980,2070,1178,1,1,2,1
mdl/electricalboxes/fusebox_small_a.rmdl,3032,92,124,3032,92,124,1,1,1,1
mdl/rise/catwalk_hanging_wires_01.rmdl,23712,1272,804,23712,1272,804,1,1,1,3
mdl/menu/menu_cubemap.rmdl,52300,3120,1679,52300,3120,1679,1,1,1,1
mdl/thunderdome/thunderdome_screen_tower_arm_01.rmdl,32380,890,1352,14492,422,598,1,1,4,3
mdl/containers/underbelly_cargo_container_128_red_02.rmdl,47724,994,1740,46428,970,1692,1,1,2,2
mdl/containers/underbelly_cargo_container_128_blue_02.rmdl,48060,1002,1752,46764,978,1704,1,1,2,2
mdl/ola/sewer_grate_clamp_01_128.rmdl,7680,160,280,7680,160,280,1,1,1,2
mdl/weapons/projectiles/projectile_grapple_hook_anchor_bolt.rmdl,18252,662,714,18252,662,714,1,1,1,1
mdl/Gibs/wood_gib01e.rmdl,2744,64,118,2744,64,118,1,1,1,1
mdl/Gibs/wood_gib01d.rmdl,5892,142,252,5892,142,252,1,1,1,1
mdl/Gibs/wood_gib01c.rmdl,3276,66,144,3276,66,144,1,1,1,1
mdl/Gibs/wood_gib01b.rmdl,2868,58,126,2868,58,126,1,1,1,1
mdl/Gibs/wood_gib01a.rmdl,4412,112,187,4412,112,187,1,1,1,1
mdl/Gibs/Glass_shard01.rmdl,2864,84,118,2864,84,118,1,1,1,1
mdl/Gibs/Glass_shard02.rmdl,1400,40,58,1400,40,58,1,1,1,1
mdl/Gibs/Glass_shard03.rmdl,1688,48,70,1688,48,70,1,1,1,1
mdl/Gibs/Glass_shard04.rmdl,3088,88,128,3088,88,128,1,1,1,1
mdl/Gibs/Glass_shard05.rmdl,2120,60,88,2120,60,88,1,1,1,1
mdl/Gibs/Glass_shard06.rmdl,1212,32,51,1212,32,51,1,1,1,1
mdl/props_debris/concrete_chunk08a.rmdl,6040,340,200,6040,340,200,1,1,1,1
mdl/props_debris/concrete_chunk09a.rmdl,1492,72,53,1492,72,53,1,1,1,1
mdl/props_debris/concrete_chunk03a.rmdl,1044,34,42,1044,34,42,1,1,1,1
mdl/props_debris/concrete_chunk07a.rmdl,784,34,29,784,34,29,1,1,1,1
mdl/props_debris/concrete_chunk02a.rmdl,2996,116,115,1724,84,61,1,1,2,1
mdl/Gibs/metal_gib1.rmdl,1912,52,80,1912,52,80,1,1,1,1
mdl/Gibs/metal_gib2.rmdl,1128,28,48,1128,28,48,1,1,1,1
mdl/Gibs/metal_gib3.rmdl,1352,32,58,1352,32,58,1,1,1,1
mdl/Gibs/metal_gib4.rmdl,1464,44,60,1464,44,60,1,1,1,1
mdl/Gibs/metal_gib5.rmdl,1384,44,56,1384,44,56,1,1,1,1
mdl/dev/envballs.rmdl,30076,978,956,30076,978,956,1,1,1,6
mdl/props/zipline_balloon/zipline_balloon_base.rmdl,626580,19218,21303,336024,11016,11247,1,1,5,5
mdl/props/zipline_balloon/zipline_balloon.rmdl,86706,2631,2955,48138,1599,1606,1,1,3,4
mdl/weapons_r5/loot/w_loot_wep_iso_health_main_large.rmdl,67872,2462,2655,41600,1610,1597,1,1,3,1
mdl/weapons_r5/loot/w_loot_wep_iso_health_main_small.rmdl,18036,606,720,9912,372,384,1,1,3,1
mdl/weapons_r5/loot/w_loot_wep_iso_shield_battery_large.rmdl,90720,2814,2637,46012,1532,1315,1,1,4,2
mdl/weapons_r5/loot/w_loot_wep_iso_shield_battery_small.rmdl,75952,2238,2233,39856,1276,1150,1,1,4,2
mdl/weapons_r5/loot/w_loot_wep_iso_phoenix_kit_v1.rmdl,90720,2814,2637,46012,1532,1315,1,1,4,2
mdl/fx/plasma_sphere_01.rmdl,14568,760,417,14568,760,417,1,1,1,1
mdl/fx/ar_edge_sphere_512.rmdl,125848,5460,2909,125848,5460,2909,1,1,1,1
mdl/IMC_base/camera_imc_base_01.rmdl,5440,140,230,5440,140,230,1,1,1,1
mdl/IMC_base/camera_imc_01.rmdl,131856,4266,5313,65992,2302,2609,1,1,3,1
mdl/robots/drone_frag/drone_frag_loot.rmdl,945960,28986,27573,443396,15118,12596,1,37,4,1
mdl/dev/editor_ref.rmdl,1104,24,48,1104,24,48,1,1,1,1
mdl/Humans/class/medium/combat_dummie_medium.rmdl,893220,32922,24846,893220,32922,24846,1,69,1,3
mdl/fx/ar_survival_radius_1x100.rmdl,48376,2052,1442,48376,2052,1442,1,1,1,3
mdl/props/charm/charm_fireball.rmdl,74580,2490,2130,74580,2490,2130,1,5,1,1
mdl/props/charm/charm_yeti.rmdl,60920,2542,1631,60920,2542,1631,1,5,1,1
mdl/props/charm/charm_crow.rmdl,75304,2214,2215,75304,2214,2215,1,5,1,1
mdl/props/charm/charm_rank_gold.rmdl,92700,2542,2766,92700,2542,2766,1,5,1,1
mdl/props/charm/charm_rank_diamond.rmdl,118948,2852,3637,118948,2852,3637,1,5,1,1
mdl/props/charm/charm_rank_predator.rmdl,79924,2312,2359,79924,2312,2359,1,5,1,1
mdl/props/charm/charm_nessy.rmdl,62492,2636,1667,62492,2636,1667,1,5,1,1
mdl/props/charm/charm_lifeline_drone.rmdl,86324,2520,2543,86324,2520,2543,1,5,1,1
mdl/props/charm/charm_rank_platinum.rmdl,74676,1820,2277,74676,1820,2277,1,5,1,1
mdl/props/charm/charm_pumpkin.rmdl,67682,2703,1838,67682,2703,1838,1,5,1,1
mdl/props/charm/charm_gas_canister.rmdl,66660,2276,1893,66660,2276,1893,1,5,1,1
mdl/props/charm/charm_jester.rmdl,61228,2472,1657,61228,2472,1657,1,5,1,1
mdl/props/charm/charm_nessy_ghost.rmdl,58440,2110,1635,58440,2110,1635,1,5,1,1
mdl/props/charm/charm_clown.rmdl,62770,2799,1642,62770,2799,1642,1,5,1,1
mdl/props/charm/charm_witch.rmdl,54572,2212,1475,54572,2212,1475,1,5,1,1
mdl/robots/drone_frag/drone_frag.rmdl,762198,24455,21981,365688,13152,10242,1,26,4,1
mdl/vehicle/droppod_fireteam/droppod_fireteam.rmdl,1911636,51724,57189,789696,23018,23271,1,55,5,2
mdl/vehicle/droppod_loot/droppod_loot_LL_holo.rmdl,30554,591,844,30554,591,844,1,1,1,1
mdl/robots/marvin/marvin_gladcard.rmdl,0,0,0,0,0,0,4,94,0,0
mdl/menu/xp_badge.rmdl,8728,308,344,8728,308,344,1,1,1,1
mdl/menu/coin.rmdl,3448,128,134,3448,128,134,1,1,1,1
mdl/currency/crafting/currency_crafting_epic.rmdl,113224,2684,4856,113224,2684,4856,1,1,1,1
mdl/weapons_r5/loot/_master/w_loot_wep_ammo_sniper.rmdl,35244,850,942,23384,596,619,1,1,3,1
mdl/robots/marvin/marvin.rmdl,0,0,0,0,0,0,4,56,0,0
mdl/weapons/empty_handed/ptpov_emptyhand.rmdl,104232,3596,2952,104232,3596,2952,1,99,1,2
mdl/weapons/empty_handed/w_empty_handed_human.rmdl,90,1,3,90,1,3,1,10,1,1
mdl/Weapons/ptpov_energy_sword/ptpov_energy_sword.rmdl,29284,874,1202,29284,874,1202,1,1,1,1
mdl/Weapons/w_energy_sword/w_energy_sword.rmdl,29284,874,1202,29284,874,1202,1,1,1,1
mdl/weapons/data_knife/ptpov_data_knife.rmdl,104232,3596,2952,104232,3596,2952,1,79,1,2
mdl/weapons/b3wing/ptpov_b3wing.rmdl,1572438,40835,36873,1572438,40835,36873,16,115,1,21
mdl/weapons/b3wing/w_b3wing.rmdl,802044,16044,19605,432510,9307,10463,15,15,4,16
mdl/weapons/alternator_smg/ptpov_alternator_smg.rmdl,2083536,54510,48791,2083536,54510,48791,17,121,1,20
mdl/weapons/alternator_smg/w_alternator_smg.rmdl,904524,17410,22224,483378,9895,11778,15,13,4,15
mdl/weapons/gibraltar_bubbleshield/w_gibraltar_bubbleshield.rmdl,126172,2628,3943,108712,2266,3397,1,6,4,1
mdl/weapons/gibraltar_bubbleshield/ptpov_gibraltar_bubbleshield_held.rmdl,230192,6044,6926,230192,6044,6926,1,141,1,1
mdl/weapons/rspn101_dmr/ptpov_rspn101_dmr.rmdl,0,0,0,0,0,0,20,113,0,0
mdl/weapons/rspn101_dmr/w_rspn101_dmr.rmdl,1493538,29557,36561,740814,15313,18026,19,16,4,19
mdl/weapons/rspn101_dmr/ptpov_rspn101_dmr_legendary_01.rmdl,0,0,0,0,0,0,20,113,0,0
mdl/weapons/rspn101_dmr/w_rspn101_dmr_legendary_01.rmdl,1492830,30837,36328,773556,16798,18688,19,16,4,20
mdl/weapons/doubletake/ptpov_doubletake.rmdl,0,0,0,0,0,0,22,127,0,0
mdl/weapons/doubletake/w_doubletake.rmdl,1379766,27827,33689,696078,14697,16886,18,18,4,19
mdl/weapons/peacekeeper/ptpov_peacekeeper.rmdl,1920942,49881,45046,1920942,49881,45046,17,110,1,22
mdl/weapons/peacekeeper/w_peacekeeper.rmdl,1049574,21419,25585,538860,11708,13017,16,14,4,18
mdl/weapons/lmg_hemlok/ptpov_lmg_hemlok.rmdl,0,0,0,0,0,0,16,109,0,0
mdl/weapons/lmg_hemlok/w_lmg_hemlok.rmdl,947556,17754,23362,505074,9977,12367,15,13,4,15
mdl/weapons/lstar/ptpov_lstar.rmdl,0,0,0,0,0,0,16,125,0,0
mdl/weapons/lstar/w_lstar.rmdl,910014,17689,22330,493842,10151,12026,15,15,4,16
mdl/weapons/mastiff_stgn/ptpov_mastiff.rmdl,2063208,54314,48259,2063208,54314,48259,18,119,1,21
mdl/weapons/mastiff_stgn/w_mastiff.rmdl,914430,17303,22517,490386,9809,11987,15,14,4,15
mdl/weapons/w1128/ptpov_w1128.rmdl,2033592,53482,47575,2033592,53482,47575,17,111,1,20
mdl/weapons/w1128/w_w1128.rmdl,917430,17401,22584,489336,9886,11945,15,14,4,15
mdl/weapons/w1128/ptpov_w1128_legendary_01.rmdl,1685412,55264,48351,1685412,55264,48351,17,110,1,21
mdl/weapons/w1128/w_w1128_legendary_01.rmdl,756008,18332,23072,408210,10579,12312,15,14,4,16
mdl/weapons/pstl_sa3/ptpov_pstl_sa3.rmdl,1586610,39741,37449,1586610,39741,37449,16,114,1,19
mdl/weapons/pstl_sa3/w_pstl_sa3.rmdl,789702,15655,19327,429234,9091,10408,15,18,4,15
mdl/weapons/bullets/projectile_20mm.rmdl,2140,100,77,2140,100,77,1,1,1,1
mdl/weapons/at_rifle/ptpov_at_rifle.rmdl,0,0,0,0,0,0,20,115,0,0
mdl/weapons/at_rifle/w_at_rifle.rmdl,0,0,0,0,0,0,18,17,0,0
mdl/weapons/r97/ptpov_r97.rmdl,0,0,0,0,0,0,18,111,0,0
mdl/weapons/r97/w_r97.rmdl,1058652,19446,26166,502620,10084,12281,16,13,4,16
mdl/weapons/r97/ptpov_r97_legendary_01.rmdl,0,0,0,0,0,0,18,110,0,0
mdl/weapons/r97/w_r97_legendary_01.rmdl,0,0,0,0,0,0,16,13,0,0
mdl/weapons/empty_handed/ptpov_mirage_holopilot.rmdl,90,1,3,90,1,3,1,88,1,1
mdl/weapons/empty_handed/w_empty_handed_mirage.rmdl,90,1,3,90,1,3,1,33,1,1
mdl/weapons/m1a1_hemlok/ptpov_hemlok.rmdl,0,0,0,0,0,0,16,107,0,0
mdl/weapons/m1a1_hemlok/w_hemlok.rmdl,980874,18147,24222,515394,10053,12641,15,12,4,16
mdl/weapons/m1a1_hemlok/ptpov_hemlok_legendary_01.rmdl,0,0,0,0,0,0,16,107,0,0
mdl/weapons/m1a1_hemlok/w_hemlok_legendary_01.rmdl,776258,18795,23696,411422,10573,12428,15,12,4,16
mdl/weapons/p2011_auto/ptpov_p2011_auto.rmdl,0,0,0,0,0,0,17,109,0,0
mdl/weapons/p2011_auto/w_p2011_auto.rmdl,753288,14722,18471,408852,8484,9943,16,13,4,16
mdl/weapons/grenades/w_thermite_grenade_projectile.rmdl,34964,1244,1375,18238,693,704,1,1,4,1
mdl/weapons/grenades/ptpov_thermite_grenade_held.rmdl,92240,3184,2612,92240,3184,2612,1,110,1,2
mdl/weapons/grenades/w_thermite_grenade.rmdl,45964,1244,1375,23870,693,704,1,4,4,1
mdl/props/lifeline_drone/lifeline_drone.rmdl,0,0,0,0,0,0,1,46,0,0
mdl/weapons/lifeline_drone/ptpov_lifeline_drone_held.rmdl,0,0,0,0,0,0,1,120,0,0
mdl/weapons/vinson/ptpov_vinson.rmdl,0,0,0,0,0,0,15,112,0,0
mdl/weapons/vinson/w_vinson.rmdl,876168,16956,21512,468612,9654,11408,14,14,4,14
mdl/weapons/prowler_smg/ptpov_prowler_smg.rmdl,0,0,0,0,0,0,17,110,0,0
mdl/weapons/prowler_smg/w_prowler_smg.rmdl,0,0,0,0,0,0,17,13,0,0
mdl/weapons/empty_handed/ptpov_wraith_phasewalk.rmdl,90,1,3,90,1,3,1,100,1,1
mdl/weapons/empty_handed/ptpov_wraith_phasetunnel.rmdl,90,1,3,90,1,3,1,100,1,1
mdl/Weapons/pathfinder_zipline/w_pathfinder_zipline.rmdl,55048,1512,1642,33420,964,987,1,4,4,1
mdl/props/pathfinder_zipline/pathfinder_zipline.rmdl,0,0,0,0,0,0,1,23,0,0
mdl/weapons/pathfinder_zipline/ptpov_pathfinder_zipline_held.rmdl,149656,4456,4390,149656,4456,4390,1,110,1,1
mdl/weapons/empty_handed/ptpov_bloodhound_huntmode.rmdl,90,1,3,90,1,3,1,107,1,1
mdl/weapons/shield_battery/ptpov_shield_battery_held.rmdl,0,0,0,0,0,0,1,109,0,0
mdl/Weapons/shield_battery/w_shield_battery.rmdl,111816,2814,2637,56532,1532,1315,1,5,4,2
mdl/weapons/health_injector/ptpov_health_injector.rmdl,0,0,0,0,0,0,3,111,0,0
mdl/Weapons/health_injector/w_health_injector.rmdl,0,0,0,0,0,0,1,4,0,0
mdl/weapons/shield_battery/ptpov_shield_battery_small_held.rmdl,0,0,0,0,0,0,1,109,0,0
mdl/Weapons/shield_battery/w_shield_battery_small.rmdl,0,0,0,0,0,0,1,5,0,0
mdl/Weapons/bomb/ptpov_bomb.rmdl,0,0,0,0,0,0,1,110,0,0
mdl/Weapons/bomb/w_bomb.rmdl,0,0,0,0,0,0,1,15,0,0
mdl/weapons/ultimate_accelerant/ptpov_ultimate_accelerant_held.rmdl,0,0,0,0,0,0,1,109,0,0
mdl/Weapons/ultimate_accelerant/w_ultimate_accelerant.rmdl,0,0,0,0,0,0,1,4,0,0
mdl/weapons/g2/ptpov_g2a4.rmdl,0,0,0,0,0,0,20,115,0,0
mdl/weapons/g2/w_g2a4.rmdl,1434714,28723,35066,692406,14589,16802,18,16,4,19
mdl/Weapons/grenades/w_bangalore_canister_gas_projectile.rmdl,0,0,0,0,0,0,1,4,0,0
mdl/Weapons/bangalore_rocketpod/ptpov_bangalore_rocketpod.rmdl,0,0,0,0,0,0,1,95,0,0
mdl/weapons/empty_handed/ptpov_downed_shield.rmdl,90,1,3,90,1,3,1,113,1,1
mdl/weapons/clacker_detonator/ptpov_proximity_detonator.rmdl,0,0,0,0,0,0,2,82,0,0
mdl/weapons/caustic_gas_tank/w_caustic_gas_tank.rmdl,0,0,0,0,0,0,1,8,0,0
mdl/weapons/caustic_gas_tank/ptpov_caustic_gas_tank_held.rmdl,0,0,0,0,0,0,1,93,0,0
mdl/weapons/beam_ar/ptpov_beam_ar.rmdl,0,0,0,0,0,0,16,109,0,0
mdl/weapons/beam_ar/w_beam_ar.rmdl,965304,17502,23897,547596,10362,13484,14,12,4,15
mdl/weapons/hemlock_br/ptpov_hemlock_br.rmdl,0,0,0,0,0,0,16,112,0,0
mdl/weapons/hemlock_br/w_hemlock_br.rmdl,0,0,0,0,0,0,14,13,0,0
mdl/weapons/p2011/ptpov_p2011.rmdl,0,0,0,0,0,0,18,109,0,0
mdl/weapons/p2011/w_p2011.rmdl,861516,16626,21160,436764,9080,10619,17,15,4,16
mdl/weapons/p2011/ptpov_p2011_legendary_01.rmdl,0,0,0,0,0,0,18,112,0,0
mdl/weapons/p2011/w_p2011_legendary_01.rmdl,0,0,0,0,0,0,17,16,0,0
mdl/weapons/p2011/ptpov_p2011_legendary_02.rmdl,0,0,0,0,0,0,18,112,0,0
mdl/weapons/p2011/w_p2011_legendary_02.rmdl,0,0,0,0,0,0,17,16,0,0
mdl/weapons/grenades/m20_f_grenade_projectile.rmdl,62142,2807,2265,34228,1478,1268,1,1,4,1
mdl/weapons/grenades/m20_f_grenade.rmdl,0,0,0,0,0,0,1,4,0,0
mdl/weapons/grenades/ptpov_frag_grenade.rmdl,0,0,0,0,0,0,1,79,0,0
mdl/weapons/grenades/ptpov_frag_grenade_held.rmdl,0,0,0,0,0,0,1,110,0,0
mdl/weapons/rspn101/ptpov_rspn101.rmdl,0,0,0,0,0,0,16,112,0,0
mdl/weapons/rspn101/w_rspn101.rmdl,888396,17326,21790,505824,10516,12298,14,18,4,14
mdl/weapons/defender/ptpov_defender.rmdl,0,0,0,0,0,0,21,135,0,0
mdl/weapons/defender/w_defender.rmdl,0,0,0,0,0,0,19,28,0,0
mdl/props/octane_jump_pad/octane_jump_pad.rmdl,251622,7791,7317,152776,4990,4387,1,17,4,1
mdl/weapons/octane_jump_pad/ptpov_octane_jump_pad_held.rmdl,0,0,0,0,0,0,1,113,0,0
mdl/Weapons/grenades/w_bangalore_canister_flare_projectile.rmdl,0,0,0,0,0,0,1,4,0,0
mdl/Weapons/grenades/ptpov_bangalore_canister_held.rmdl,0,0,0,0,0,0,1,109,0,0
mdl/Weapons/grenades/w_bangalore_canister.rmdl,0,0,0,0,0,0,1,4,0,0
mdl/weapons/grenades/w_gibraltar_beacon_projectile.rmdl,38460,1360,1515,23056,866,893,1,1,4,1
mdl/weapons/grenades/ptpov_gibraltar_beacon.rmdl,0,0,0,0,0,0,1,79,0,0
mdl/weapons/grenades/w_gibraltar_beacon.rmdl,0,0,0,0,0,0,1,4,0,0
mdl/weapons/shuriken/w_shuriken.rmdl,0,0,0,0,0,0,1,3,0,0
mdl/weapons/shuriken/ptpov_shuriken_held.rmdl,0,0,0,0,0,0,1,108,0,0
mdl/weapons/sentry_shield/sentry_shield_proj.rmdl,0,0,0,0,0,0,1,4,0,0
mdl/weapons/throwingknife/w_throwing_knife.rmdl,0,0,0,0,0,0,1,3,0,0
mdl/weapons/throwingknife/ptpov_throwing_knife.rmdl,0,0,0,0,0,0,1,108,0,0
mdl/weapons/combat_knife/w_combat_knife.rmdl,0,0,0,0,0,0,1,3,0,0
mdl/weapons/bolo_sword/ptpov_bolo_sword_ash.rmdl,0,0,0,0,0,0,1,76,0,0
mdl/weapons/bolo_sword/w_bolo_sword.rmdl,0,0,0,0,0,0,1,3,0,0
mdl/Weapons/empty_handed/ptpov_shadowhand.rmdl,0,0,0,0,0,0,1,99,0,0
mdl/weapons/hemlok_smg/ptpov_hemlok_smg.rmdl,0,0,0,0,0,0,17,112,0,0
mdl/weapons/hemlok_smg/w_hemlok_smg.rmdl,914712,17350,22517,496026,9915,12126,17,14,4,15
mdl/Weapons/holo_spray/w_holo_spray.rmdl,0,0,0,0,0,0,1,4,0,0
mdl/Weapons/holo_spray/ptpov_holo_spray.rmdl,0,0,0,0,0,0,1,101,0,0
mdl/weapons/3030repeater/ptpov_3030repeater.rmdl,0,0,0,0,0,0,19,95,0,0
mdl/weapons/3030repeater/w_3030repeater.rmdl,0,0,0,0,0,0,19,14,0,0
mdl/Weapons/vctblue/vctblue_ptpov.rmdl,0,0,0,0,0,0,1,78,0,0
mdl/Weapons/vctblue_w/vctblue_w.rmdl,0,0,0,0,0,0,1,3,0,0
mdl/Weapons/ptpov_repulsor_held/ptpov_repulsor_held.rmdl,0,0,0,0,0,0,1,83,0,0
mdl/weapons/empty_handed/ptpov_boxinghand.rmdl,0,0,0,0,0,0,1,99,0,0
mdl/Humans/pilots/w_blisk.rmdl,0,0,0,0,0,0,5,153,0,0
mdl/Humans/pilots/pov_blisk.rmdl,0,0,0,0,0,0,1,94,0,0
mdl/Humans/pilots/w_phantom.rmdl,0,0,0,0,0,0,1,92,0,0
mdl/Humans/pilots/ptpov_phantom.rmdl,0,0,0,0,0,0,1,94,0,0
mdl/Humans/pilots/w_amogino.rmdl,0,0,0,0,0,0,1,92,0,0
mdl/Humans/pilots/ptpov_amogino.rmdl,0,0,0,0,0,0,1,74,0,0
mdl/Humans/pilots/w_rhapsody.rmdl,0,0,0,0,0,0,1,92,0,0
mdl/Humans/pilots/ptpov_rhapsody.rmdl,0,0,0,0,0,0,1,94,0,0
mdl/Humans/pilots/w_ash_legacy.rmdl,0,0,0,0,0,0,3,150,0,0
mdl/Humans/pilots/pov_ash_legacy.rmdl,0,0,0,0,0,0,1,94,0,0
mdl/Humans/pilots/w_jackcooper.rmdl,0,0,0,0,0,0,2,153,0,0
mdl/Humans/pilots/ptpov_jackcooper.rmdl,0,0,0,0,0,0,1,96,0,0
mdl/Humans/pilots/pilot_medium_loba.rmdl,0,0,0,0,0,0,1,229,0,0
mdl/Humans/pilots/pov_pilot_medium_loba.rmdl,0,0,0,0,0,0,1,84,0,0
mdl/Weapons/lightsaber/w_lightsaber.rmdl,0,0,0,0,0,0,1,19,0,0
mdl/Weapons/lightsaber/ptpov_lightsaber.rmdl,0,0,0,0,0,0,1,118,0,0
mdl/Humans/pilots/ballistic_base_w.rmdl,0,0,0,0,0,0,1,228,0,0
mdl/Humans/pilots/ballistic_base_v.rmdl,0,0,0,0,0,0,1,76,0,0
mdl/flowstate_custom/w_marvin.rmdl,0,0,0,0,0,0,1,197,0,0
mdl/flowstate_custom/evac_tower_balloon.rmdl,0,0,0,0,0,0,1,3,0,0
mdl/flowstate_custom/evac_tower_weight.rmdl,0,0,0,0,0,0,1,3,0,0
mdl/flowstate_custom/w_pete_mri.rmdl,0,0,0,0,0,0,1,150,0,0
mdl/flowstate_custom/ptpov_pete_mri.rmdl,0,0,0,0,0,0,1,94,0,0
mdl/techart/mshop/characters/legends/catalyst/catalyst_base_w.rmdl,0,0,0,0,0,0,1,224,0,0
mdl/techart/mshop/characters/legends/catalyst/catalyst_base_v.rmdl,0,0,0,0,0,0,1,86,0,0
mdl/Humans/class/medium/pilot_medium_valkyrie.rmdl,0,0,0,0,0,0,3,206,0,0
mdl/Weapons/arms/pov_pilot_medium_valkyrie.rmdl,0,0,0,0,0,0,1,102,0,0
mdl/Humans/class/medium/pilot_medium_nova_01.rmdl,0,0,0,0,0,0,1,216,0,0
mdl/Weapons/arms/pov_pilot_medium_nova_base_01.rmdl,0,0,0,0,0,0,2,88,0,0
mdl/techart/mshop/characters/legends/ash/ash_base_v.rmdl,0,0,0,0,0,0,1,80,0,0
mdl/techart/mshop/characters/legends/ash/ash_base_w.rmdl,0,0,0,0,0,0,4,197,0,0
mdl/robots/spectre/imc_spectre.rmdl,0,0,0,0,0,0,8,75,0,0
mdl/robots/stalker/robot_stalker.rmdl,0,0,0,0,0,0,10,75,0,0
mdl/Humans/grunts/imc_grunt_lmg_corpse.rmdl,0,0,0,0,0,0,1,149,0,0
mdl/creatures/prowler/prowler_apex.rmdl,0,0,0,0,0,0,1,78,0,0
mdl/creatures/spider/spider.rmdl,0,0,0,0,0,0,1,60,0,0
mdl/fx/cloud_fill_01.rmdl,7748,260,221,7748,260,221,1,1,1,1
mdl/thunderdome/thunderdome_cage_frame_16x128_01.rmdl,3544,84,152,1704,44,72,1,1,3,2
mdl/thunderdome/thunderdome_cage_wall_256x352_01.rmdl,17936,376,784,10624,224,464,1,1,3,2
mdl/rocks/rock_white_chalk_modular_flat_02.rmdl,43716,1978,1327,22152,1060,658,1,1,5,1
mdl/thunderdome/thunderdome_cage_ceiling_256x128_05.rmdl,15922,337,695,8454,179,369,1,1,3,3
mdl/thunderdome/thunderdome_cage_ceiling_256x128_06.rmdl,4496,136,184,2952,92,120,1,1,2,2
mdl/thunderdome/thunderdome_cage_frame_128x32_01.rmdl,1864,44,80,1864,44,80,1,1,1,1
mdl/thunderdome/thunderdome_cage_frame_64x32_01.rmdl,1760,40,76,1760,40,76,1,1,1,1
mdl/canyonlands/fabric_canopy_02.rmdl,33342,1677,970,22200,1132,642,1,1,4,2
mdl/thunderdome/thunderdome_cage_ceiling_256x32_01.rmdl,840,20,36,840,20,36,1,1,1,2
mdl/flowstate_custom/ptpov_flowstate_sword.rmdl,0,0,0,0,0,0,1,118,0,0
mdl/flowstate_custom/w_flowstate_sword.rmdl,0,0,0,0,0,0,1,18,0,0
mdl/weapons/arms/human_pov_cockpit.rmdl,78,1,3,78,1,3,1,2,1,1
mdl/fx/fire_cylinder_sm1.rmdl,2184,100,66,2184,100,66,1,1,1,1
mdl/fx/r301_leg07_fire_horns.rmdl,43308,1978,1310,43308,1978,1310,1,1,1,2
mdl/fx/r301_leg07_fire_body.rmdl,23052,954,722,23052,954,722,1,1,1,1
mdl/fx/peacekeeper_legendary_ice_stock.rmdl,720,16,26,720,16,26,1,1,1,1
mdl/fx/peacekeeper_legendary_ice_lvl2_add.rmdl,286756,13226,10370,286756,13226,10370,1,1,1,1
mdl/fx/peacekeeper_legendary_ice_lvl2_add_b.rmdl,144214,6579,5237,144214,6579,5237,1,1,1,1
mdl/fx/peacekeeper_legendary_ice_lvl3_add.rmdl,221334,10139,8025,221334,10139,8025,1,1,1,1
mdl/fx/peacekeeper_legendary_ice_lvl3_add_b.rmdl,112172,5162,4060,112172,5162,4060,1,1,1,1
mdl/fx/ar_marker_ringwobble.rmdl,30720,1024,1024,30720,1024,1024,1,1,1,1
mdl/fx/energy_ring_core_fx.rmdl,14080,480,350,14080,480,350,1,1,1,1
mdl/props/holo_spray/holo_spray_base.rmdl,0,0,0,0,0,0,1,2,0,0
mdl/IMC_base/scaffold_tech_horz_rail_c.rmdl,8784,244,366,8784,244,366,1,1,1,1
mdl/fx/medic_shield_wall.rmdl,50860,1822,1158,50860,1822,1158,1,1,1,3
mdl/weapons/empty_handed/ptpov_gibraltar_shield.rmdl,90,1,3,90,1,3,1,113,1,1
mdl/fx/gibralter_gun_shield.rmdl,25854,901,639,25854,901,639,1,1,1,2
mdl/props/gibraltar_bubbleshield/gibraltar_bubbleshield.rmdl,0,0,0,0,0,0,1,35,0,0
mdl/props/caustic_gas_tank/caustic_gas_tank.rmdl,0,0,0,0,0,0,1,18,0,0
mdl/fx/down_shield_01.rmdl,56812,1950,1263,56812,1950,1263,1,1,1,3
mdl/weapons_r5/misc_bangalore_rockets/bangalore_rockets_projectile.rmdl,0,0,0,0,0,0,1,1,0,0
mdl/props/wattson_electric_fence/wattson_electric_fence.rmdl,0,0,0,0,0,0,1,10,0,0
mdl/weapons_r5/weapon_tesla_trap/mp_weapon_tesla_trap_ar_trigger_radius.rmdl,6720,96,192,6720,96,192,1,1,1,1
mdl/props/wattson_trophy_system/wattson_trophy_system.rmdl,0,0,0,0,0,0,1,28,0,0
mdl/gibs/human_gibs.rmdl,0,0,0,0,0,0,1,5,0,0
mdl/hud/grenade_indicator/grenade_indicator_arrow.rmdl,356,6,16,356,6,16,1,1,1,1
mdl/hud/grenade_indicator/grenade_indicator_frag.rmdl,0,0,0,0,0,0,1,4,0,0
mdl/hud/grenade_indicator/grenade_indicator_sonar.rmdl,0,0,0,0,0,0,1,2,0,0
mdl/hud/grenade_indicator/grenade_indicator_frag_sentry.rmdl,0,0,0,0,0,0,1,1,0,0
mdl/hud/grenade_indicator/grenade_indicator_bomb.rmdl,0,0,0,0,0,0,1,1,0,0
mdl/hud/grenade_indicator/bang_indicator.rmdl,5136,276,174,5136,276,174,1,1,1,1
mdl/hud/grenade_indicator/grenade_indicator_shuriken.rmdl,0,0,0,0,0,0,1,1,0,0
mdl/weapons/bullets/damage_arrow.rmdl,968,12,32,968,12,32,1,2,1,2
mdl/weapons/bullets/mgl_grenade.rmdl,8720,420,310,4944,264,168,1,1,4,1
mdl/Humans/class/medium/pilot_medium_empty.rmdl,66,1,3,66,1,3,1,33,1,1
mdl/empty/lights/empty_lights.rmdl,66,1,3,66,1,3,1,6,1,1
mdl/Humans/class/medium/pilot_medium_bangalore.rmdl,0,0,0,0,0,0,2,193,0,0
mdl/Weapons/arms/pov_pilot_medium_bangalore.rmdl,0,0,0,0,0,0,1,74,0,0
mdl/Humans/class/medium/pilot_medium_bangalore_legendary_01.rmdl,0,0,0,0,0,0,2,189,0,0
mdl/Weapons/arms/pov_pilot_medium_bangalore_legendary_01.rmdl,0,0,0,0,0,0,1,76,0,0
mdl/Humans/class/medium/pilot_medium_bangalore_legendary_02.rmdl,0,0,0,0,0,0,2,191,0,0
mdl/Weapons/arms/pov_pilot_medium_bangalore_legendary_02.rmdl,0,0,0,0,0,0,1,74,0,0
mdl/Humans/class/medium/pilot_medium_bangalore_legendary_02_mask.rmdl,0,0,0,0,0,0,2,184,0,0
mdl/Humans/class/medium/pilot_medium_bangalore_beast_hunter.rmdl,0,0,0,0,0,0,2,185,0,0
mdl/Weapons/arms/pov_pilot_medium_bangalore_beast_hunter.rmdl,0,0,0,0,0,0,1,80,0,0
mdl/Humans/class/medium/pilot_medium_bangalore_season_02_halloween_legendary_01.rmdl,0,0,0,0,0,0,2,181,0,0
mdl/Weapons/arms/pov_pilot_medium_bangalore_season2_halloween_legendary_01.rmdl,0,0,0,0,0,0,1,74,0,0
mdl/humans/class/medium/pilot_medium_bloodhound.rmdl,0,0,0,0,0,0,2,104,0,0
mdl/Weapons/arms/pov_pilot_medium_bloodhound.rmdl,0,0,0,0,0,0,1,94,0,0
mdl/Humans/class/medium/pilot_medium_bloodhound_legendary_01.rmdl,0,0,0,0,0,0,2,81,0,0
mdl/Weapons/arms/pov_pilot_medium_bloodhound_legendary_01.rmdl,0,0,0,0,0,0,1,88,0,0
mdl/Humans/class/medium/pilot_medium_bloodhound_legendary_02.rmdl,0,0,0,0,0,0,2,86,0,0
mdl/Weapons/arms/pov_pilot_medium_bloodhound_legendary_02.rmdl,0,0,0,0,0,0,1,87,0,0
mdl/Humans/class/medium/pilot_medium_bloodhound__season2_legendary_01.rmdl,0,0,0,0,0,0,2,81,0,0
mdl/Weapons/arms/pov_pilot_medium_bloodhound_season2_legendary_01.rmdl,0,0,0,0,0,0,1,75,0,0
mdl/Humans/class/medium/pilot_medium_bloodhound_marketing_box_legendary_01.rmdl,0,0,0,0,0,0,2,81,0,0
mdl/Weapons/arms/pov_pilot_medium_bloodhound_marketing_box_legendary_01.rmdl,0,0,0,0,0,0,1,89,0,0
mdl/Humans/class/medium/pilot_medium_bloodhound_season_03_halloween_legendary_01.rmdl,0,0,0,0,0,0,2,95,0,0
mdl/Weapons/arms/pov_pilot_medium_bloodhound_season_02_halloween_legendary_01.rmdl,0,0,0,0,0,0,1,79,0,0
mdl/humans/class/heavy/pilot_heavy_caustic.rmdl,0,0,0,0,0,0,2,197,0,0
mdl/Weapons/arms/pov_pilot_heavy_caustic.rmdl,0,0,0,0,0,0,1,77,0,0
mdl/weapons/grenades/w_caustic_grenade_projectile.rmdl,0,0,0,0,0,0,1,4,0,0
mdl/weapons/grenades/ptpov_caustic_grenade_held.rmdl,0,0,0,0,0,0,1,112,0,0
mdl/weapons/grenades/w_caustic_grenade.rmdl,0,0,0,0,0,0,1,4,0,0
mdl/Humans/class/heavy/pilot_heavy_caustic_legendary_01.rmdl,0,0,0,0,0,0,2,191,0,0
mdl/Weapons/arms/pov_pilot_heavy_caustic_legendary_01.rmdl,0,0,0,0,0,0,1,77,0,0
mdl/Humans/class/heavy/pilot_heavy_caustic_legendary_02.rmdl,0,0,0,0,0,0,2,179,0,0
mdl/Weapons/arms/pov_pilot_heavy_caustic_legendary_02.rmdl,0,0,0,0,0,0,1,77,0,0
mdl/Humans/class/heavy/pilot_heavy_caustic_season2_legendary_01.rmdl,0,0,0,0,0,0,2,137,0,0
mdl/Weapons/arms/pov_pilot_heavy_caustic_season2_legendary_01.rmdl,0,0,0,0,0,0,1,77,0,0
mdl/Humans/class/heavy/pilot_heavy_caustic_season2_halloween_legendary_01.rmdl,0,0,0,0,0,0,2,81,0,0
mdl/Weapons/arms/pov_pilot_heavy_caustic_season2_halloween_legendary_01.rmdl,0,0,0,0,0,0,1,72,0,0
mdl/humans/class/heavy/pilot_heavy_gibraltar.rmdl,0,0,0,0,0,0,2,192,0,0
mdl/weapons/arms/pov_pilot_heavy_gibraltar.rmdl,0,0,0,0,0,0,1,101,0,0
mdl/Humans/class/heavy/pilot_heavy_gibraltar_legendary_01.rmdl,0,0,0,0,0,0,2,189,0,0
mdl/Weapons/arms/pov_pilot_heavy_gibraltar_legendary_01.rmdl,0,0,0,0,0,0,1,95,0,0
mdl/Humans/class/heavy/pilot_heavy_gibraltar_legendary_02.rmdl,0,0,0,0,0,0,2,180,0,0
mdl/Weapons/arms/pov_pilot_heavy_gibraltar_legendary_02.rmdl,0,0,0,0,0,0,1,95,0,0
mdl/Humans/class/heavy/pilot_heavy_gibraltar_season2_legendary_01.rmdl,0,0,0,0,0,0,2,177,0,0
mdl/Weapons/arms/pov_pilot_heavy_gibraltar_season2_legendary_01.rmdl,0,0,0,0,0,0,1,89,0,0
mdl/Humans/class/heavy/pilot_heavy_gibraltar_season2_halloween_legendary_01.rmdl,0,0,0,0,0,0,2,179,0,0
mdl/Weapons/arms/pov_pilot_heavy_gibraltar_season2_halloween_legendary_01.rmdl,0,0,0,0,0,0,1,85,0,0
mdl/humans/class/light/pilot_light_support.rmdl,0,0,0,0,0,0,2,179,0,0
mdl/Weapons/arms/pov_pilot_light_support.rmdl,0,0,0,0,0,0,1,84,0,0
mdl/Humans/class/light/pilot_light_support_legendary_01.rmdl,0,0,0,0,0,0,2,179,0,0
mdl/Weapons/arms/pov_pilot_light_support_legendary_01.rmdl,0,0,0,0,0,0,1,78,0,0
mdl/Humans/class/light/pilot_light_support_legendary_02.rmdl,0,0,0,0,0,0,2,179,0,0
mdl/Weapons/arms/pov_pilot_light_support_legendary_02.rmdl,0,0,0,0,0,0,1,78,0,0
mdl/Humans/class/light/pilot_light_support_season2_legendary_01.rmdl,0,0,0,0,0,0,2,109,0,0
mdl/Weapons/arms/pov_pilot_light_support_season2_legendary_01.rmdl,0,0,0,0,0,0,1,92,0,0
mdl/Humans/class/light/pilot_light_support_marketing_box_legendary_01.rmdl,0,0,0,0,0,0,2,176,0,0
mdl/Weapons/arms/pov_pilot_light_support_marketing_box_legendary_01.rmdl,0,0,0,0,0,0,1,85,0,0
mdl/Humans/class/light/pilot_light_support_season3_legendary_01.rmdl,0,0,0,0,0,0,2,177,0,0
mdl/Weapons/arms/pov_pilot_light_support_season3_legendary_01.rmdl,0,0,0,0,0,0,1,84,0,0
mdl/humans/class/medium/pilot_medium_holo.rmdl,0,0,0,0,0,0,2,209,0,0
mdl/weapons/arms/pov_pilot_medium_holo.rmdl,852108,25330,19448,852108,25330,19448,1,74,1,3
mdl/weapons/empty_handed/ptpov_mirage_disguise.rmdl,0,0,0,0,0,0,1,88,0,0
mdl/Humans/class/medium/pilot_medium_holo_legendary_01.rmdl,0,0,0,0,0,0,2,196,0,0
mdl/Weapons/arms/pov_pilot_medium_holo_legendary_01.rmdl,0,0,0,0,0,0,1,76,0,0
mdl/Humans/class/medium/pilot_medium_holo_legendary_02.rmdl,0,0,0,0,0,0,2,194,0,0
mdl/Weapons/arms/pov_pilot_medium_holo_legendary_02.rmdl,0,0,0,0,0,0,1,76,0,0
mdl/Humans/class/medium/pilot_medium_holo_bf.rmdl,0,0,0,0,0,0,2,181,0,0
mdl/Weapons/arms/pov_pilot_medium_holo_bf.rmdl,0,0,0,0,0,0,1,76,0,0
mdl/Humans/class/medium/pilot_medium_holo_season_02_halloween_legendary_01.rmdl,0,0,0,0,0,0,2,193,0,0
mdl/Weapons/arms/pov_pilot_medium_holo_season_02_halloween_legendary_01.rmdl,0,0,0,0,0,0,1,72,0,0
mdl/Humans/class/medium/pilot_medium_stim.rmdl,3084386,121803,84056,1242830,51519,33347,2,95,4,8
mdl/weapons/arms/pov_pilot_medium_stim.rmdl,809104,32674,21895,809104,32674,21895,1,78,1,4
mdl/weapons/octane_epipen/ptpov_octane_epipen_held.rmdl,0,0,0,0,0,0,1,101,0,0
mdl/Humans/class/medium/pilot_medium_stim_legendary_01.rmdl,0,0,0,0,0,0,2,85,0,0
mdl/Weapons/arms/pov_pilot_medium_stim_legendary_01.rmdl,0,0,0,0,0,0,1,76,0,0
mdl/Humans/class/medium/pilot_medium_stim_legendary_01_v2.rmdl,0,0,0,0,0,0,2,85,0,0
mdl/Humans/class/medium/pilot_medium_stim_legendary_02.rmdl,0,0,0,0,0,0,2,91,0,0
mdl/Weapons/arms/pov_pilot_medium_stim_legendary_02.rmdl,0,0,0,0,0,0,1,82,0,0
mdl/Humans/class/medium/pilot_medium_stim_battle_forged.rmdl,0,0,0,0,0,0,2,94,0,0
mdl/Weapons/arms/pov_pilot_medium_stim_battle_forged.rmdl,0,0,0,0,0,0,1,78,0,0
mdl/Humans/class/medium/pilot_medium_stim_season_02_halloween_legendary_01.rmdl,0,0,0,0,0,0,2,73,0,0
mdl/Weapons/arms/pov_pilot_medium_stim_season_02_halloween_legendary_01.rmdl,0,0,0,0,0,0,1,76,0,0
mdl/humans/class/heavy/pilot_heavy_pathfinder.rmdl,0,0,0,0,0,0,4,99,0,0
mdl/weapons/arms/pov_pilot_heavy_pathfinder.rmdl,0,0,0,0,0,0,5,76,0,0
mdl/Humans/class/heavy/pilot_heavy_pathfinder_legendary_01.rmdl,0,0,0,0,0,0,4,101,0,0
mdl/Weapons/arms/pov_pilot_heavy_pathfinder_legendary_01.rmdl,0,0,0,0,0,0,5,82,0,0
mdl/Humans/class/heavy/pilot_heavy_pathfinder_legendary_02.rmdl,0,0,0,0,0,0,4,100,0,0
mdl/Weapons/arms/pov_pilot_heavy_pathfinder_legendary_02.rmdl,0,0,0,0,0,0,5,71,0,0
mdl/Humans/class/heavy/pilot_heavy_pathfinder_knight.rmdl,0,0,0,0,0,0,4,99,0,0
mdl/Weapons/arms/pov_pilot_heavy_pathfinder_knight.rmdl,0,0,0,0,0,0,5,70,0,0
mdl/Humans/class/heavy/pilot_heavy_pathfinder_ice.rmdl,0,0,0,0,0,0,4,99,0,0
mdl/Weapons/arms/pov_pilot_heavy_pathfinder_ice.rmdl,0,0,0,0,0,0,5,70,0,0
mdl/humans/class/light/pilot_light_wraith.rmdl,0,0,0,0,0,0,2,210,0,0
mdl/weapons/arms/pov_pilot_light_wraith.rmdl,0,0,0,0,0,0,1,88,0,0
mdl/humans/class/light/pilot_light_wraith_legendary_01.rmdl,0,0,0,0,0,0,2,194,0,0
mdl/Weapons/arms/pov_pilot_light_wraith_legendary_01.rmdl,0,0,0,0,0,0,1,82,0,0
mdl/Humans/class/light/pilot_light_wraith_legendary_02.rmdl,0,0,0,0,0,0,2,179,0,0
mdl/Weapons/arms/pov_pilot_light_wraith_legendary_02.rmdl,0,0,0,0,0,0,1,82,0,0
mdl/Humans/class/light/pilot_light_wraith_beast_hunter.rmdl,0,0,0,0,0,0,2,188,0,0
mdl/Weapons/arms/pov_pilot_light_wraith_beast_hunter.rmdl,0,0,0,0,0,0,1,77,0,0
mdl/Humans/class/light/pilot_light_wraith_season2_legendary_01.rmdl,0,0,0,0,0,0,2,183,0,0
mdl/Weapons/arms/pov_pilot_light_wraith_season2_legendary_01.rmdl,0,0,0,0,0,0,1,84,0,0
mdl/Humans/class/light/pilot_light_wraith_cyber_ninja.rmdl,0,0,0,0,0,0,3,219,0,0
mdl/Weapons/arms/pov_pilot_light_wraith_cyber_ninja.rmdl,0,0,0,0,0,0,1,84,0,0
mdl/Humans/class/light/pilot_light_wraith_season2_halloween_legendary_01.rmdl,0,0,0,0,0,0,2,198,0,0
mdl/Weapons/arms/pov_pilot_light_wraith_season2_halloween_legendary_01.rmdl,0,0,0,0,0,0,1,84,0,0
mdl/Humans/class/light/pilot_light_wattson.rmdl,0,0,0,0,0,0,3,203,0,0
mdl/Weapons/arms/pov_pilot_medium_generic.rmdl,0,0,0,0,0,0,1,93,0,0
mdl/weapons/wattson_electric_fence/ptpov_wattson_electric_fence.rmdl,0,0,0,0,0,0,1,83,0,0
mdl/weapons/wattson_trophy_system/w_wattson_trophy_system.rmdl,0,0,0,0,0,0,1,9,0,0
mdl/weapons/wattson_trophy_system/ptpov_wattson_trophy_system.rmdl,0,0,0,0,0,0,1,101,0,0
mdl/Weapons/arms/pov_pilot_light_wattson.rmdl,616400,23470,16985,616400,23470,16985,1,84,1,4
mdl/Humans/class/light/pilot_light_wattson_legendary_01.rmdl,0,0,0,0,0,0,3,182,0,0
mdl/Weapons/arms/pov_pilot_light_wattson_legendary_01.rmdl,0,0,0,0,0,0,1,82,0,0
mdl/Humans/class/light/pilot_light_wattson_legendary_02.rmdl,0,0,0,0,0,0,3,193,0,0
mdl/Weapons/arms/pov_pilot_light_wattson_legendary_02.rmdl,0,0,0,0,0,0,1,82,0,0
mdl/Humans/class/light/pilot_light_wattson_season2_legendary_01.rmdl,0,0,0,0,0,0,3,178,0,0
mdl/Weapons/arms/pov_pilot_light_wattson_season2_legendary_01.rmdl,0,0,0,0,0,0,1,84,0,0
mdl/Humans/class/medium/pilot_medium_crypto.rmdl,0,0,0,0,0,0,3,212,0,0
mdl/Weapons/arms/pov_pilot_medium_crypto.rmdl,745080,30282,20121,745080,30282,20121,1,99,1,5
mdl/weapons/crypto_drone/ptpov_crypto_drone_held.rmdl,0,0,0,0,0,0,2,114,0,0
mdl/weapons/crypto_puzzle_remote/ptpov_crypto_puzzle_remote.rmdl,0,0,0,0,0,0,1,117,0,0
mdl/Humans/class/medium/pilot_medium_crypto_legendary_01.rmdl,0,0,0,0,0,0,3,209,0,0
mdl/Weapons/arms/pov_pilot_medium_crypto_legendary_01.rmdl,0,0,0,0,0,0,1,99,0,0
mdl/Humans/class/medium/pilot_medium_crypto_legendary_02.rmdl,0,0,0,0,0,0,3,177,0,0
mdl/Weapons/arms/pov_pilot_medium_crypto_legendary_02.rmdl,0,0,0,0,0,0,1,99,0,0
mdl/Humans/class/medium/pilot_medium_crypto_season_02_halloween_legendary_01.rmdl,0,0,0,0,0,0,3,212,0,0
mdl/Weapons/arms/pov_pilot_medium_crypto_season_02_halloween_legendary_01.rmdl,0,0,0,0,0,0,1,99,0,0
mdl/Weapons/alternator_smg/w_alternator_smg_legendary_01.rmdl,0,0,0,0,0,0,15,13,0,0
mdl/Weapons/alternator_smg/ptpov_alternator_smg_legendary_01.rmdl,0,0,0,0,0,0,17,118,0,0
mdl/Weapons/alternator_smg/w_alternator_smg_legendary_02.rmdl,0,0,0,0,0,0,15,13,0,0
mdl/Weapons/alternator_smg/ptpov_alternator_smg_legendary_02.rmdl,0,0,0,0,0,0,17,118,0,0
mdl/Weapons/alternator_smg/w_alternator_smg_bf.rmdl,0,0,0,0,0,0,15,13,0,0
mdl/Weapons/alternator_smg/ptpov_alternator_smg_bf.rmdl,0,0,0,0,0,0,17,118,0,0
mdl/Weapons/alternator_smg/w_alternator_smg_halloween_2019.rmdl,0,0,0,0,0,0,15,13,0,0
mdl/Weapons/alternator_smg/ptpov_alternator_smg_halloween_2019.rmdl,0,0,0,0,0,0,17,117,0,0
mdl/Weapons/p2011_auto/w_p2011_auto_legendary_01.rmdl,0,0,0,0,0,0,15,13,0,0
mdl/Weapons/p2011_auto/ptpov_p2011_auto_legendary_01.rmdl,0,0,0,0,0,0,17,109,0,0
mdl/Weapons/p2011_auto/w_p2011_auto_legendary_02.rmdl,0,0,0,0,0,0,15,13,0,0
mdl/Weapons/p2011_auto/ptpov_p2011_auto_legendary_02.rmdl,0,0,0,0,0,0,17,108,0,0
mdl/Weapons/p2011_auto/w_p2011_auto_legendary_03.rmdl,0,0,0,0,0,0,15,13,0,0
mdl/Weapons/p2011_auto/ptpov_p2011_auto_legendary_03.rmdl,0,0,0,0,0,0,17,108,0,0
mdl/Weapons/p2011_auto/w_p2011_auto_bf.rmdl,0,0,0,0,0,0,15,13,0,0
mdl/Weapons/p2011_auto/ptpov_p2011_auto_bf.rmdl,0,0,0,0,0,0,17,108,0,0
mdl/Weapons/hemlock_br/w_hemlock_br_legendary_01.rmdl,0,0,0,0,0,0,14,13,0,0
mdl/Weapons/hemlock_br/ptpov_hemlock_br_legendary_01.rmdl,0,0,0,0,0,0,16,112,0,0
mdl/Weapons/hemlock_br/w_hemlock_br_legendary_02.rmdl,0,0,0,0,0,0,14,13,0,0
mdl/Weapons/hemlock_br/ptpov_hemlock_br_legendary_02.rmdl,0,0,0,0,0,0,16,107,0,0
mdl/Weapons/hemlock_br/w_hemlock_br_holloween_2019.rmdl,0,0,0,0,0,0,14,13,0,0
mdl/Weapons/hemlock_br/ptpov_hemlock_br_holloween_2019.rmdl,0,0,0,0,0,0,16,107,0,0
mdl/Weapons/rspn101_dmr/w_rspn101_dmr_legendary_02.rmdl,0,0,0,0,0,0,19,16,0,0
mdl/Weapons/rspn101_dmr/ptpov_rspn101_dmr_legendary_02.rmdl,0,0,0,0,0,0,20,113,0,0
mdl/Weapons/rspn101_dmr/w_rspn101_dmr_legendary_05.rmdl,0,0,0,0,0,0,19,16,0,0
mdl/Weapons/rspn101_dmr/ptpov_rspn101_dmr_legendary_05.rmdl,0,0,0,0,0,0,20,114,0,0
mdl/Weapons/rspn101_dmr/w_rspn101_dmr_s03bp.rmdl,0,0,0,0,0,0,19,16,0,0
mdl/Weapons/rspn101_dmr/ptpov_rspn101_dmr_s03bp.rmdl,0,0,0,0,0,0,20,112,0,0
mdl/Weapons/w1128/w_w1128_legendary_02.rmdl,0,0,0,0,0,0,15,14,0,0
mdl/Weapons/w1128/ptpov_w1128_legendary_02.rmdl,0,0,0,0,0,0,17,111,0,0
mdl/Weapons/vinson/w_vinson_legendary_01.rmdl,0,0,0,0,0,0,14,14,0,0
mdl/Weapons/vinson/ptpov_vinson_legendary_01.rmdl,0,0,0,0,0,0,15,110,0,0
mdl/Weapons/vinson/w_vinson_legendary_02.rmdl,0,0,0,0,0,0,14,14,0,0
mdl/Weapons/vinson/ptpov_vinson_legendary_02.rmdl,0,0,0,0,0,0,15,112,0,0
mdl/Weapons/vinson/w_vinson_halloween_2019.rmdl,0,0,0,0,0,0,14,14,0,0
mdl/Weapons/vinson/ptpov_vinson_halloween_2019.rmdl,0,0,0,0,0,0,15,111,0,0
mdl/weapons/g2/w_g2a4_legendary_01.rmdl,0,0,0,0,0,0,18,16,0,0
mdl/weapons/g2/ptpov_g2a4_legendary_01.rmdl,0,0,0,0,0,0,20,113,0,0
mdl/weapons/g2/w_g2a4_legendary_02.rmdl,0,0,0,0,0,0,18,16,0,0
mdl/weapons/g2/ptpov_g2a4_legendary_02.rmdl,0,0,0,0,0,0,20,115,0,0
mdl/Weapons/g2/w_g2a4_bf.rmdl,0,0,0,0,0,0,18,16,0,0
mdl/Weapons/g2/ptpov_g2a4_bf.rmdl,0,0,0,0,0,0,20,115,0,0
mdl/Weapons/m1a1_hemlok/w_hemlok_legendary_03.rmdl,0,0,0,0,0,0,15,12,0,0
mdl/Weapons/m1a1_hemlok/ptpov_hemlok_legendary_03.rmdl,0,0,0,0,0,0,16,107,0,0
mdl/Weapons/m1a1_hemlok/w_hemlok_legendary_02.rmdl,0,0,0,0,0,0,15,12,0,0
mdl/Weapons/m1a1_hemlok/ptpov_hemlok_legendary_02.rmdl,0,0,0,0,0,0,16,107,0,0
mdl/Weapons/m1a1_hemlok/w_hemlok_legendary_06.rmdl,0,0,0,0,0,0,15,12,0,0
mdl/Weapons/m1a1_hemlok/ptpov_hemlok_legendary_06.rmdl,0,0,0,0,0,0,16,107,0,0
mdl/Weapons/at_rifle/w_at_rifle_legendary_01.rmdl,0,0,0,0,0,0,18,17,0,0
mdl/Weapons/at_rifle/ptpov_at_rifle_legendary_01.rmdl,0,0,0,0,0,0,20,116,0,0
mdl/Weapons/at_rifle/w_at_rifle_raygun.rmdl,0,0,0,0,0,0,18,17,0,0
mdl/Weapons/at_rifle/ptpov_at_rifle_raygun.rmdl,0,0,0,0,0,0,20,112,0,0
mdl/Weapons/mastiff_stgn/w_mastiff_legendary_01.rmdl,0,0,0,0,0,0,15,14,0,0
mdl/Weapons/mastiff_stgn/ptpov_mastiff_legendary_01.rmdl,0,0,0,0,0,0,18,117,0,0
mdl/Weapons/mastiff_stgn/w_mastiff_legendary_02.rmdl,0,0,0,0,0,0,15,14,0,0
mdl/Weapons/mastiff_stgn/ptpov_mastiff_legendary_02.rmdl,0,0,0,0,0,0,18,116,0,0
mdl/Weapons/pstl_sa3/w_pstl_sa3_legendary_01.rmdl,0,0,0,0,0,0,15,18,0,0
mdl/Weapons/pstl_sa3/ptpov_pstl_sa3_legendary_01.rmdl,0,0,0,0,0,0,16,113,0,0
mdl/Weapons/pstl_sa3/w_pstl_sa3_legendary_02.rmdl,0,0,0,0,0,0,15,18,0,0
mdl/Weapons/pstl_sa3/ptpov_pstl_sa3_legendary_02.rmdl,0,0,0,0,0,0,16,114,0,0
mdl/Weapons/pstl_sa3/w_pstl_sa3_legendary_05.rmdl,0,0,0,0,0,0,15,18,0,0
mdl/Weapons/pstl_sa3/ptpov_pstl_sa3_legendary_05.rmdl,0,0,0,0,0,0,16,112,0,0
mdl/Weapons/prowler_smg/w_prowler_smg_legendary_01.rmdl,0,0,0,0,0,0,17,13,0,0
mdl/Weapons/prowler_smg/ptpov_prowler_smg_legendary_01.rmdl,0,0,0,0,0,0,17,110,0,0
mdl/Weapons/prowler_smg/w_prowler_smg_legendary_02.rmdl,0,0,0,0,0,0,17,13,0,0
mdl/Weapons/prowler_smg/ptpov_prowler_smg_legendary_02.rmdl,0,0,0,0,0,0,17,110,0,0
mdl/Weapons/prowler_smg/w_prowler_smg_halloween.rmdl,0,0,0,0,0,0,17,13,0,0
mdl/Weapons/prowler_smg/ptpov_prowler_smg_halloween.rmdl,0,0,0,0,0,0,17,108,0,0
mdl/Weapons/peacekeeper/w_peacekeeper_legendary_01.rmdl,0,0,0,0,0,0,16,14,0,0
mdl/Weapons/peacekeeper/ptpov_peacekeeper_legendary_01.rmdl,0,0,0,0,0,0,17,110,0,0
mdl/Weapons/peacekeeper/w_peacekeeper_legendary_02.rmdl,0,0,0,0,0,0,16,14,0,0
mdl/Weapons/peacekeeper/ptpov_peacekeeper_legendary_02.rmdl,0,0,0,0,0,0,18,110,0,0
mdl/Weapons/peacekeeper/w_peacekeeper_bf.rmdl,0,0,0,0,0,0,16,14,0,0
mdl/Weapons/peacekeeper/ptpov_peacekeeper_bf.rmdl,0,0,0,0,0,0,17,110,0,0
mdl/Weapons/peacekeeper/w_peacekeeper_legendary_06.rmdl,0,0,0,0,0,0,18,14,0,0
mdl/Weapons/peacekeeper/ptpov_peacekeeper_legendary_06.rmdl,0,0,0,0,0,0,18,109,0,0
mdl/Weapons/r97/w_r97_legendary_02.rmdl,0,0,0,0,0,0,16,13,0,0
mdl/Weapons/r97/ptpov_r97_legendary_02.rmdl,0,0,0,0,0,0,18,109,0,0
mdl/Weapons/r97/w_r97_legendary_05.rmdl,0,0,0,0,0,0,16,13,0,0
mdl/Weapons/r97/ptpov_r97_legendary_05.rmdl,0,0,0,0,0,0,18,109,0,0
mdl/Weapons/r97/w_r99_legendary_06.rmdl,0,0,0,0,0,0,16,13,0,0
mdl/Weapons/r97/ptpov_r99_legendary_06.rmdl,0,0,0,0,0,0,18,116,0,0
mdl/Weapons/rspn101/w_rspn101_legendary_01.rmdl,0,0,0,0,0,0,14,18,0,0
mdl/Weapons/rspn101/ptpov_rspn101_legendary_01.rmdl,0,0,0,0,0,0,16,112,0,0
mdl/Weapons/rspn101/w_rspn101_legendary_02.rmdl,0,0,0,0,0,0,14,18,0,0
mdl/Weapons/rspn101/ptpov_rspn101_legendary_02.rmdl,0,0,0,0,0,0,16,112,0,0
mdl/Weapons/rspn101/w_rspn101_beast_hunter.rmdl,0,0,0,0,0,0,14,18,0,0
mdl/Weapons/rspn101/ptpov_rspn101_beast_hunter.rmdl,0,0,0,0,0,0,16,117,0,0
mdl/Weapons/rspn101/w_rspn101_legendary_07.rmdl,0,0,0,0,0,0,14,18,0,0
mdl/Weapons/rspn101/ptpov_rspn101_legendary_07.rmdl,0,0,0,0,0,0,16,112,0,0
mdl/Weapons/lmg_hemlok/w_lmg_hemlok_legendary_01.rmdl,0,0,0,0,0,0,15,13,0,0
mdl/Weapons/lmg_hemlok/ptpov_lmg_hemlok_legendary_01.rmdl,0,0,0,0,0,0,16,107,0,0
mdl/Weapons/lmg_hemlok/w_lmg_hemlok_legendary_02.rmdl,0,0,0,0,0,0,15,13,0,0
mdl/Weapons/lmg_hemlok/ptpov_lmg_hemlok_legendary_02.rmdl,0,0,0,0,0,0,16,107,0,0
mdl/Weapons/lmg_hemlok/w_lmg_hemlok_bh.rmdl,0,0,0,0,0,0,15,13,0,0
mdl/Weapons/lmg_hemlok/ptpov_lmg_hemlok_bh.rmdl,0,0,0,0,0,0,16,112,0,0
mdl/Weapons/lmg_hemlok/w_lmg_hemlok_legendary_06.rmdl,0,0,0,0,0,0,15,14,0,0
mdl/Weapons/lmg_hemlok/ptpov_lmg_hemlok_legendary_06.rmdl,0,0,0,0,0,0,16,107,0,0
mdl/Weapons/doubletake/w_doubletake_legendary_01.rmdl,0,0,0,0,0,0,18,18,0,0
mdl/Weapons/doubletake/ptpov_doubletake_legendary_01.rmdl,0,0,0,0,0,0,22,124,0,0
mdl/Weapons/doubletake/w_doubletake_legendary_02.rmdl,0,0,0,0,0,0,18,18,0,0
mdl/Weapons/doubletake/ptpov_doubletake_legendary_02.rmdl,0,0,0,0,0,0,22,113,0,0
mdl/Weapons/doubletake/w_doubletake_s1_beast_hunter.rmdl,0,0,0,0,0,0,18,18,0,0
mdl/Weapons/doubletake/ptpov_doubletake_s1_beast_hunter.rmdl,0,0,0,0,0,0,22,115,0,0
mdl/Weapons/doubletake/w_doubletake_halloween.rmdl,0,0,0,0,0,0,19,18,0,0
mdl/Weapons/doubletake/ptpov_doubletake_halloween.rmdl,0,0,0,0,0,0,22,112,0,0
mdl/Weapons/b3wing/w_b3wing_legendary_01.rmdl,0,0,0,0,0,0,15,17,0,0
mdl/Weapons/b3wing/ptpov_b3wing_legendary_01.rmdl,0,0,0,0,0,0,16,119,0,0
mdl/Weapons/b3wing/w_b3wing_legendary_02.rmdl,0,0,0,0,0,0,15,17,0,0
mdl/Weapons/b3wing/ptpov_b3wing_legendary_02.rmdl,0,0,0,0,0,0,16,117,0,0
mdl/Weapons/b3wing/w_b3wing_legendary_05.rmdl,0,0,0,0,0,0,15,17,0,0
mdl/Weapons/b3wing/ptpov_b3wing_legendary_05.rmdl,0,0,0,0,0,0,16,118,0,0
mdl/Weapons/b3wing/w_b3wing_halloween.rmdl,0,0,0,0,0,0,15,17,0,0
mdl/Weapons/b3wing/ptpov_b3wing_halloween.rmdl,0,0,0,0,0,0,16,118,0,0
mdl/Weapons/beam_ar/w_beam_ar_legendary_01.rmdl,0,0,0,0,0,0,14,12,0,0
mdl/Weapons/beam_ar/ptpov_beam_ar_legendary_01.rmdl,0,0,0,0,0,0,16,109,0,0
mdl/Weapons/beam_ar/w_beam_ar_legendary_02.rmdl,0,0,0,0,0,0,14,12,0,0
mdl/Weapons/beam_ar/ptpov_beam_ar_legendary_02.rmdl,0,0,0,0,0,0,16,109,0,0
mdl/Weapons/beam_ar/w_beam_ar_halloween.rmdl,0,0,0,0,0,0,14,12,0,0
mdl/Weapons/beam_ar/ptpov_beam_ar_halloween.rmdl,0,0,0,0,0,0,16,109,0,0
mdl/Weapons/lstar/w_lstar_legendary_01.rmdl,0,0,0,0,0,0,15,15,0,0
mdl/Weapons/lstar/ptpov_lstar_legendary_01.rmdl,0,0,0,0,0,0,16,125,0,0
mdl/Weapons/lstar/w_lstar_legendary_02.rmdl,0,0,0,0,0,0,15,15,0,0
mdl/Weapons/lstar/ptpov_lstar_legendary_02.rmdl,0,0,0,0,0,0,16,124,0,0
mdl/Weapons/defender/w_defender_legendary_01.rmdl,0,0,0,0,0,0,19,16,0,0
mdl/Weapons/defender/ptpov_defender_legendary_01.rmdl,0,0,0,0,0,0,21,135,0,0
mdl/Weapons/defender/w_defender_legendary_04.rmdl,0,0,0,0,0,0,17,17,0,0
mdl/Weapons/defender/ptpov_defender_legendary_04.rmdl,0,0,0,0,0,0,20,135,0,0
mdl/door/door_104x64x8_elevatorstyle01_right_animated.rmdl,0,0,0,0,0,0,1,3,0,0
mdl/door/canyonlands_door_single_02_damaged.rmdl,157470,5915,6099,78386,3121,2983,1,1,5,3
mdl/vehicle/goblin_dropship/goblin_dropship.rmdl,0,0,0,0,0,0,2,66,0,0
mdl/vehicles_r2/spacecraft/draconis/draconis_flying_small.rmdl,0,0,0,0,0,0,1,1,0,0
mdl/levels_terrain/mp_lobby/mp_setting_menu.rmdl,17988,828,465,17988,828,465,1,1,1,2
mdl/weapons/sentinel/ptpov_sentinel.rmdl,0,0,0,0,0,0,20,137,0,0
mdl/weapons/sentinel/w_sentinel.rmdl,1235382,31401,37392,612192,16338,18363,19,17,4,20
mdl/weapons/rampart_turret/ptpov_rampart_turret_new.rmdl,0,0,0,0,0,0,2,162,0,0
mdl/weapons/rampart_turret/w_rampart_turret.rmdl,0,0,0,0,0,0,1,14,0,0
mdl/flowstate_custom/ptpov_lightninggun.rmdl,0,0,0,0,0,0,1,114,0,0
mdl/flowstate_custom/w_lightninggun.rmdl,0,0,0,0,0,0,1,15,0,0
mdl/weapons_r5/loot/_master/w_loot_wep_ammo_sc.rmdl,51876,1414,1356,35480,1028,916,1,1,3,1
mdl/weapons_r5/loot/_master/w_loot_wep_ammo_nrg.rmdl,35684,774,970,22972,522,620,1,1,3,1
mdl/weapons_r5/loot/_master/w_loot_wep_ammo_shg.rmdl,70592,1648,1897,48632,1172,1300,1,1,3,1
mdl/weapons_r5/loot/_master/w_loot_wep_ammo_hc.rmdl,37760,1076,1118,25632,772,750,1,1,3,1
mdl/weapons_r5/loot/w_loot_wep_iso_ultimate_accelerant.rmdl,44212,1522,1754,27904,1004,1094,1,1,3,1
mdl/weapons_r5/loot/_master/w_loot_cha_shield_upgrade_head_v1.rmdl,65728,2564,1798,50676,2006,1380,1,1,2,2
mdl/weapons_r5/loot/_master/w_loot_cha_shield_upgrade_body_v1.rmdl,94022,2921,2732,68900,2164,1997,1,1,2,2
mdl/weapons_r5/loot/_master/w_loot_cha_shield_upgrade_body_v1_lvl5.rmdl,94022,2921,2732,68900,2164,1997,1,1,2,2
mdl/weapons_r5/loot/_master/w_loot_cha_shield_upgrade_body_v1_lvl6.rmdl,94022,2921,2732,68900,2164,1997,1,1,2,2
mdl/weapons_r5/loot/_master/w_loot_cha_shield_upgrade_body_v1_lvl7.rmdl,94022,2921,2732,68900,2164,1997,1,1,2,2
mdl/weapons_r5/loot/w_loot_wep_iso_shield_down_v1.rmdl,71220,2030,2952,39096,1156,1608,1,1,4,1
mdl/humans_r5/loot/w_loot_char_backpack_light.rmdl,20108,858,748,12324,584,441,1,1,3,1
mdl/humans_r5/loot/w_loot_char_backpack_medium.rmdl,26768,1178,985,16320,750,591,1,1,3,1
mdl/humans_r5/loot/w_loot_char_backpack_heavy.rmdl,82862,3557,3076,51776,2396,1870,1,1,4,1
mdl/weapons/grenades/w_loot_m20_f_grenade_projectile.rmdl,58814,2419,2215,34228,1478,1268,1,1,4,1
mdl/weapons_r5/loot/w_loot_wep_iso_shuriken.rmdl,17828,598,712,12784,444,506,1,1,4,1
mdl/weapons_r5/loot/_master/w_loot_wep_mods_optic_cq_hcog_r1.rmdl,25906,547,808,18286,397,568,1,1,2,2
mdl/weapons_r5/loot/_master/w_loot_wep_mods_optic_cq_hcog_r2.rmdl,19250,385,605,14092,286,442,1,1,2,2
mdl/weapons_r5/loot/_master/w_loot_wep_mods_optic_cq_holo_var.rmdl,40120,802,1261,25954,541,811,1,1,2,2
mdl/weapons_r5/loot/_master/w_loot_wep_mods_optic_cq_holo_var_2x.rmdl,45728,934,1433,29778,637,927,1,1,2,2
mdl/weapons_r5/loot/_master/w_loot_wep_mods_optic_cq_threat.rmdl,27968,648,860,18584,442,569,1,1,2,2
mdl/weapons_r5/loot/_master/w_loot_wep_mods_optic_rng_hcog_acgs.rmdl,48368,1122,1487,30058,721,919,1,1,2,2
mdl/weapons_r5/loot/_master/w_loot_wep_mods_optic_rng_aog_var_r1.rmdl,46140,1054,1422,33494,785,1028,1,1,2,2
mdl/weapons_r5/loot/_master/w_loot_wep_mods_optic_sni_dcom.rmdl,75672,1776,2322,49704,1200,1518,1,1,2,2
mdl/weapons_r5/loot/_master/w_loot_wep_mods_optic_sni_var_talon.rmdl,50882,1135,1574,35354,801,1091,1,1,2,2
mdl/weapons_r5/loot/_master/w_loot_wep_mods_optic_sni_threat_wyeon.rmdl,94812,2502,2850,67406,1817,2018,1,1,2,3
mdl/weapons_r5/loot/_master/w_loot_wep_mods_suppr_v2b.rmdl,14204,384,425,9204,260,273,1,1,2,1
mdl/weapons_r5/loot/_master/w_loot_wep_mods_suppr_v1b.rmdl,14856,432,438,10640,308,314,1,1,2,1
mdl/weapons_r5/loot/_master/w_loot_wep_mods_lasersight_v1.rmdl,6864,284,258,6864,284,258,1,1,1,1
mdl/weapons_r5/loot/_master/w_loot_wep_mods_mag_v1b.rmdl,21144,486,651,12804,300,393,1,1,2,1
mdl/weapons_r5/loot/_master/w_loot_wep_mods_mag_v2b.rmdl,17608,466,529,10768,306,319,1,1,2,1
mdl/weapons_r5/loot/_master/w_loot_wep_mods_mag_energy_v1.rmdl,10492,274,316,7168,196,214,1,1,2,1
mdl/weapons_r5/loot/_master/w_loot_wep_mods_mag_sniper_v1.rmdl,18170,485,545,12790,363,379,1,1,2,1
mdl/weapons_r5/loot/_master/w_loot_wep_mods_mag_v3b.rmdl,44212,1176,1327,33976,926,1015,1,1,2,1
mdl/weapons_r5/loot/w_loot_wep_iso_stock_folded_regular.rmdl,44564,1764,1699,23656,1006,881,1,1,4,1
mdl/weapons_r5/loot/w_loot_wep_iso_stock_folded_sniper.rmdl,44036,1816,1657,23624,1024,874,1,1,4,1
mdl/weapons_r5/loot/_master/w_loot_wep_mods_chip.rmdl,22264,598,667,14626,417,433,1,1,2,1
mdl/weapons_r5/loot/_master/w_loot_msc_keycard_v1.rmdl,13400,348,404,6700,174,202,1,1,2,3
mdl/props/death_box/death_box_01.rmdl,114626,4091,4504,61288,2188,2408,1,1,4,1
mdl/props/death_box/death_box_02.rmdl,2728,88,110,2728,88,110,1,1,1,1
mdl/props/health_injector/health_injector.rmdl,0,0,0,0,0,0,1,6,0,0
mdl/props/global_access_panel_button/global_access_panel_button_console_w_stand.rmdl,302634,9303,10284,144834,4839,4825,1,1,3,5
mdl/barriers/shooting_range_target_02_stand.rmdl,27624,744,1158,14664,404,612,1,1,3,1
mdl/vehicle/droppod_loot/droppod_loot_animated.rmdl,0,0,0,0,0,0,1,77,0,0
mdl/Creatures/flyer/flyer_kingscanyon_animated.rmdl,2257780,97510,59740,815996,36142,21398,1,138,5,2
mdl/props/loot_drone/loot_drone.rmdl,0,0,0,0,0,0,1,3,0,0
mdl/levels_terrain/mp_lobby/mp_character_select_geo.rmdl,92,2,4,92,2,4,1,1,1,1
mdl/levels_terrain/mp_lobby/mp_character_select_smoke.rmdl,12864,512,306,12864,512,306,1,1,1,1
mdl/vehicles_r5/land/msc_suv_partum/veh_land_msc_suv_partum_static.rmdl,29284,874,1202,29284,874,1202,1,1,1,1
mdl/weapons/bullets/projectile_40mm.rmdl,2140,100,77,2140,100,77,1,1,1,1
mdl/props/loot_bin/loot_bin_01_animated.rmdl,1005186,29967,29478,447888,13776,13044,1,4,4,2
mdl/props/crypto_drone/crypto_drone.rmdl,0,0,0,0,0,0,1,14,0,0
mdl/robotics_r2/turret_plasma/plasma_turret_pc_1.rmdl,63380,2980,2275,63380,2980,2275,1,1,1,1
mdl/robotics_r2/turret_plasma/plasma_turret_pc_2.rmdl,15536,726,559,15536,726,559,1,1,1,1
mdl/robotics_r2/turret_plasma/plasma_turret_pc_3.rmdl,51336,2416,1842,51336,2416,1842,1,1,1,1
mdl/fx/ar_survival_cylinder.rmdl,50640,2400,1510,50640,2400,1510,1,1,1,2
mdl/fx/ar_radiusmarker.rmdl,37848,1540,894,37848,1540,894,1,1,1,1
mdl/props/global_access_panel_button/global_access_panel_button_wall.rmdl,29284,874,1202,29284,874,1202,1,1,1,1
mdl/fx/xo_shield_wall.rmdl,15984,296,592,15984,296,592,1,1,1,1
mdl/fx/turret_shield_wall.rmdl,26784,496,992,26784,496,992,1,1,1,1
mdl/test/roger_test/grapple_swtich_lever_dev.rmdl,0,0,0,0,0,0,1,1,0,0
mdl/test/roger_test/grapple_swtich_large_lever_dev.rmdl,0,0,0,0,0,0,1,1,0,0
mdl/fx/bb_shield.rmdl,141884,6878,3592,141884,6878,3592,1,1,1,2
mdl/weapons/data_knife/v_data_knife.rmdl,0,0,0,0,0,0,1,4,0,0
mdl/vehicle/hovership/hovership_platform_mp.rmdl,6997478,140561,192316,3583734,76377,97671,1,19,5,19
mdl/vehicle/hovership/hovership_turret.rmdl,2508558,50813,68865,1357744,29224,36950,1,6,5,8
mdl/creatures/bird/bird.rmdl,0,0,0,0,0,0,1,102,0,0
mdl/Weapons/bullets/projectile_rocket_launcher_sram.rmdl,0,0,0,0,0,0,1,5,0,0
mdl/industrial/gun_rack_arm_down.rmdl,19550,655,781,19550,655,781,1,1,1,1
mdl/props/ultimate_accelerant_usb/ultimate_accelerant_usb_static.rmdl,50924,1854,1990,19052,762,724,1,1,4,1
mdl/props/grunt_ear/prop_grunt_ear_animated.rmdl,0,0,0,0,0,0,1,2,0,0
mdl/Weapons/p2011/p2011_static.rmdl,108204,3464,4371,45124,1474,1814,1,1,5,1
mdl/weapons_r2/longbow_dmr/longbow_dmr.rmdl,174340,4890,7250,98692,2932,4055,1,1,4,1
mdl/industrial/screwdriver_octane.rmdl,4528,208,164,4528,208,164,1,1,1,1
mdl/Weapons/drumstick/w_baton_lifeline.rmdl,0,0,0,0,0,0,1,5,0,0
mdl/props/lifeline_needle/lifeline_needle.rmdl,0,0,0,0,0,0,1,2,0,0
mdl/props/caustic_flask/caustic_flask.rmdl,11172,552,393,11172,552,393,1,1,1,1
mdl/Weapons/p2011/p2011_handgun_ab_01.rmdl,119132,3756,4825,119132,3756,4825,1,1,1,3
mdl/Weapons/p2011_auto/p2011_auto_static.rmdl,93968,2528,3940,31748,868,1327,1,1,5,1
mdl/Weapons/octane_epipen/w_octane_epipen.rmdl,0,0,0,0,0,0,1,5,0,0
mdl/Weapons/peacekeeper/w_peacekeeper_caustic.rmdl,0,0,0,0,0,0,16,17,0,0
mdl/props/skull/skull_gladcard.rmdl,145472,8772,4642,145472,8772,4642,1,1,1,1
mdl/props/octane_wrench/octane_wrench_menu_static.rmdl,23216,1256,784,23216,1256,784,1,1,1,1
mdl/weapons/maori_club/maori_club_glad_card.rmdl,132500,6030,4816,50940,2500,1797,1,1,4,1
mdl/Weapons/maori_club/w_maori_club.rmdl,0,0,0,0,0,0,1,1,0,0
mdl/Weapons/grenades/octane_frag_grenade.rmdl,0,0,0,0,0,0,1,24,0,0
mdl/weapons_r5/r301/r301.rmdl,229114,6169,9605,138412,4192,5663,1,1,4,2
mdl/Weapons/drumstick/w_drumstick.rmdl,0,0,0,0,0,0,1,2,0,0
mdl/props/wattson_electric_fence/wattson_electric_fence_fx.rmdl,0,0,0,0,0,0,1,11,0,0
mdl/props/wattson_trophy_system/wattson_trophy_system_gladcard.rmdl,0,0,0,0,0,0,1,28,0,0
mdl/props/death_box/death_box_01_gladcard.rmdl,61588,2188,2423,61588,2188,2423,1,1,1,1
mdl/props/ultimate_accelerant/ultimate_accelerant.rmdl,0,0,0,0,0,0,1,3,0,0
mdl/props/wattson_rock/wattson_rock.rmdl,0,0,0,0,0,0,1,3,0,0
mdl/Weapons/at_rifle/w_at_rifle_bloodhound.rmdl,0,0,0,0,0,0,19,17,0,0
mdl/weapons/wingman_elite/w_wingman_elite.rmdl,0,0,0,0,0,0,7,14,0,0
mdl/Weapons/crypto_puzzle_remote/ptpov_crypto_puzzle_remote_gladcards.rmdl,0,0,0,0,0,0,1,8,0,0
mdl/Weapons/crypto_puzzle_remote/ptpov_crypto_puzzle_remote_menu.rmdl,0,0,0,0,0,0,1,16,0,0
mdl/props/flask/prop_flask.rmdl,22708,918,860,22708,918,860,1,1,1,1
mdl/weapons/data_knife/data_knife.rmdl,0,0,0,0,0,0,1,2,0,0
mdl/props/shield_battery/shield_battery.rmdl,0,0,0,0,0,0,1,4,0,0
mdl/props/health_packs/health_pack_small.rmdl,0,0,0,0,0,0,1,2,0,0
mdl/props/health_packs/health_pack_large.rmdl,0,0,0,0,0,0,1,2,0,0
mdl/Weapons/kunai/w_kunai_wraith.rmdl,0,0,0,0,0,0,1,3,0,0
mdl/props/drumstick/drumstick.rmdl,0,0,0,0,0,0,1,3,0,0
mdl/Weapons/g2/v_g2a4_bangalore.rmdl,0,0,0,0,0,0,18,21,0,0
mdl/Weapons/bloodhound_axe/ptpov_bloodhound_axe.rmdl,0,0,0,0,0,0,1,93,0,0
mdl/humans/class/medium/pilot_medium_generic.rmdl,0,0,0,0,0,0,2,71,0,0
mdl/props/tablet/tablet_mini.rmdl,54384,2024,2112,22424,914,847,1,1,4,2
mdl/props/tree_green_forest_01_kingscanyon/tree_green_forest_01_kingscanyon.rmdl,0,0,0,0,0,0,1,15,0,0
mdl/Weapons/grenades/ptpov_frag_grenade_menu.rmdl,0,0,0,0,0,0,1,24,0,0
mdl/props/wattson_trophy_system/wattson_trophy_system_emote.rmdl,0,0,0,0,0,0,1,24,0,0
mdl/weapons/burn_card/w_burn_card.rmdl,0,0,0,0,0,0,1,4,0,0
mdl/props/kunai/kunai.rmdl,0,0,0,0,0,0,1,3,0,0
mdl/Weapons/drumstick/ptpov_baton_lifeline_gladcard.rmdl,0,0,0,0,0,0,1,142,0,0
mdl/robotics_r5/tick_loot/tick_loot_pcs_body_01.rmdl,36972,1212,1485,36972,1212,1485,1,1,1,1
mdl/robotics_r5/tick_loot/tick_loot_pcs_panel_01.rmdl,11776,456,452,11776,456,452,1,1,1,1
mdl/robotics_r5/tick_loot/tick_loot_pcs_leg_01.rmdl,24272,1032,904,24272,1032,904,1,1,1,1
mdl/fx/wat_rock_pc_1_glow.rmdl,28280,404,808,28280,404,808,1,1,1,1
mdl/weapons/shellejects/shelleject_pistol.rmdl,7088,268,274,4088,168,154,1,1,4,1
mdl/weapons/bullets/projectile_shotgun.rmdl,5652,272,201,2252,112,79,1,1,3,1
mdl/weapons/caber_shot/caber_shot_thrown.rmdl,0,0,0,0,0,0,1,4,0,0
mdl/weapons/shellejects/shelleject_large_rifle.rmdl,12104,524,448,6448,288,236,1,1,4,1
mdl/weapons/shellejects/shelleject_assault_rifle.rmdl,8980,380,335,4896,216,180,1,1,4,1
mdl/fx/peacekeeper_legendary_frost.rmdl,93456,4328,2812,93456,4328,2812,1,1,1,1
mdl/weapons/bullets/bullet_rifle.rmdl,6300,280,231,4600,220,164,1,1,2,1
mdl/fx/energy_proj_round.rmdl,7104,288,168,7104,288,168,1,1,1,1
mdl/weapons/shellejects/shelleject_shotshell.rmdl,7088,268,274,4088,168,154,1,1,4,1
mdl/weapons/bullets/projectile_rocket.rmdl,0,0,0,0,0,0,1,1,0,0
mdl/fx/fx_gadget_screen_bh.rmdl,3360,136,106,3360,136,106,1,1,1,1
mdl/fx/pilot_shield_wall.rmdl,25920,480,960,25920,480,960,1,1,1,1
mdl/fx/pilot_shield_wall_01.rmdl,34272,784,1232,34272,784,1232,1,1,1,2
mdl/fx/pilot_shield_wall_02.rmdl,41088,960,1472,41088,960,1472,1,1,1,2
mdl/fx/pilot_shield_wall_03.rmdl,79872,1856,2864,79872,1856,2864,1,1,1,2
mdl/fx/phase_gate_edge.rmdl,3016,76,80,3016,76,80,1,1,1,1
mdl/fx/xo_emp_field_inner_only.rmdl,12400,360,320,12400,360,320,1,1,1,1
mdl/fx/xo_emp_field_inner.rmdl,35920,1080,920,35920,1080,920,1,1,1,2
mdl/fx/wraith_holo_fx_01.rmdl,466036,26326,15404,466036,26326,15404,1,1,1,2
mdl/fx/ar_artillerypulse_scan.rmdl,876,18,24,876,18,24,1,1,1,1
mdl/fx/ar_artillerypulse.rmdl,9968,360,244,9968,360,244,1,1,1,1
mdl/fx/sonar_pulse_cone.rmdl,10920,560,315,10920,560,315,1,1,1,1
mdl/fx/phase_gate_edge_rnd.rmdl,3016,76,80,3016,76,80,1,1,1,1
mdl/fx/phase_tunnel_geo.rmdl,12552,640,363,12552,640,363,1,1,1,1
mdl/fx/core_energy.rmdl,13340,760,439,13340,760,439,1,1,1,1
mdl/fx/ar_holopulse.rmdl,37848,1540,894,37848,1540,894,1,1,1,1
mdl/fx/watt_fence_post.rmdl,1208,48,46,1208,48,46,1,1,1,1
mdl/fx/watt_fence_base.rmdl,7738,263,308,7738,263,308,1,1,1,1
mdl/fx/trophy_system_spin.rmdl,24228,750,822,24228,750,822,1,1,1,1
mdl/fx/vortex_shield_sm.rmdl,5856,224,141,5856,224,141,1,1,1,1
mdl/fx/trophy_system_imp.rmdl,11328,544,336,11328,544,336,1,1,1,1
mdl/fx/watt_trophy_des_body.rmdl,7852,262,314,7852,262,314,1,1,1,1
mdl/fx/watt_trophy_des_base.rmdl,162296,6266,6235,162296,6266,6235,1,1,1,1
mdl/fx/watt_trophy_des_panel_1.rmdl,760,20,32,760,20,32,1,1,1,1
mdl/fx/watt_trophy_des_panel_2.rmdl,1032,32,42,1032,32,42,1,1,1,1
mdl/fx/watt_trophy_des_coil.rmdl,7914,299,306,7914,299,306,1,1,1,1
mdl/fx/watt_coil_on_spin.rmdl,5100,234,154,5100,234,154,1,1,1,1
mdl/fx/watt_coil_on_menu.rmdl,5712,280,168,5712,280,168,1,1,1,1
mdl/humans/grunts/imc_grunt_lmg_helmet.rmdl,51796,2626,1802,51796,2626,1802,1,1,1,2
mdl/humans/imc_pilot/male_br/imc_pilot_male_br_helmet_dam1a.rmdl,8914,349,341,8914,349,341,1,1,1,1
mdl/humans/imc_pilot/male_br/imc_pilot_male_br_helmet_dam1b.rmdl,19820,770,760,19820,770,760,1,1,1,1
mdl/humans/imc_pilot/male_br/imc_pilot_male_br_helmet_dam1c.rmdl,18536,726,709,18536,726,709,1,1,1,1
mdl/humans/imc_pilot/male_br/imc_pilot_male_br_helmet_dam1d.rmdl,9170,375,346,9170,375,346,1,1,1,1
mdl/metal_scraps/scrap_metal04.rmdl,1512,52,60,1512,52,60,1,1,1,1
mdl/humans/pilots/pilot_light_ged_m_head_gib.rmdl,0,0,0,0,0,0,1,1,0,0
mdl/gibs/titan_gibs/at_gib8_l_thigh2.rmdl,896,36,34,896,36,34,1,1,1,1
mdl/vehicle/goblin_dropship/goblin_dropship_debris_01.rmdl,848,28,34,848,28,34,1,1,1,1
mdl/gibs/titan_gibs/og_gib_r_forarm_d.rmdl,3592,142,137,3592,142,137,1,1,1,1
mdl/weapons/shellejects/shelleject_20mm.rmdl,14460,600,543,7984,324,302,1,1,4,1
mdl/fx/ar_impact_pilot.rmdl,22488,980,519,22488,980,519,1,1,1,1
mdl/fx/sonar_pulse_wave.rmdl,33296,1400,778,33296,1400,778,1,1,1,1
mdl/fx/ar_sonar_pulse_ground.rmdl,1548,30,57,1548,30,57,1,1,1,1
mdl/fx/fx_mirage_holo_emitter.rmdl,1980,70,65,1980,70,65,1,1,1,1
mdl/fx/wat_rock_light_pc_1.rmdl,2448,108,90,2448,108,90,1,1,1,1
mdl/fx/crypto_visor.rmdl,139908,3446,3726,81108,1870,2184,1,1,3,4
mdl/weapons_r5/misc_crypto_drone/crypto_drone_holo.rmdl,71604,2894,2712,71604,2894,2712,1,1,1,1
mdl/fx/crypto_visor_boot_swipe.rmdl,888,36,28,888,36,28,1,1,1,1
mdl/fx/crypto_visor_boot_tri.rmdl,40320,576,1152,40320,576,1152,1,1,1,1
mdl/fx/crypto_visor_terrain.rmdl,6036,316,207,6036,316,207,1,1,1,1
mdl/fx/crypto_visor_ui_rotate.rmdl,6364,264,239,6364,264,239,1,1,1,1
mdl/fx/crypto_button_01.rmdl,1584,40,42,1584,40,42,1,1,1,1
mdl/fx/crypto_button_02.rmdl,1584,40,42,1584,40,42,1,1,1,1
mdl/fx/crypto_button_03.rmdl,1584,40,42,1584,40,42,1,1,1,1
mdl/weapons_r5/misc_crypto_drone/crypto_drone_exhaust_t.rmdl,6024,224,234,6024,224,234,1,1,1,1
mdl/weapons_r5/misc_crypto_drone/crypto_drone_exhaust_b.rmdl,6604,274,248,6604,274,248,1,1,1,1
mdl/weapons_r5/misc_crypto_drone/crypto_drone_exhaust_r.rmdl,6048,238,231,6048,238,231,1,1,1,1
mdl/weapons_r5/misc_crypto_drone/crypto_drone_exhaust_l.rmdl,6048,238,231,6048,238,231,1,1,1,1
mdl/weapons_r5/misc_crypto_drone/crypto_puzzle_led.rmdl,17660,362,484,17660,362,484,1,1,1,3
mdl/weapons_r5/misc_crypto_drone/crypto_logo_holo.rmdl,12140,430,478,12140,430,478,1,1,1,1
mdl/fx/energy_ar_ship_glow_01.rmdl,56652,1894,1887,56652,1894,1887,1,1,1,1
mdl/fx/energy_ar_ship_glow_02.rmdl,12150,477,387,12150,477,387,1,1,1,1
mdl/fx/energy_ar_ship_glow_01_3p.rmdl,17982,697,575,17982,697,575,1,1,1,1
mdl/door/canyonlands_door_vfx_bl.rmdl,10988,418,424,10988,418,424,1,1,1,1
mdl/door/canyonlands_door_vfx_br.rmdl,7772,322,292,7772,322,292,1,1,1,1
mdl/door/canyonlands_door_vfx_c.rmdl,38840,1480,1498,38840,1480,1498,1,1,1,1
mdl/door/canyonlands_door_vfx_uc.rmdl,12020,490,454,12020,490,454,1,1,1,1
mdl/door/canyonlands_door_vfx_ul.rmdl,4034,149,157,4034,149,157,1,1,1,1
mdl/door/canyonlands_door_vfx_ur.rmdl,3318,123,129,3318,123,129,1,1,1,1
mdl/s2s/s2s_bridge_glass_shard.rmdl,984,20,36,984,20,36,1,1,1,2
mdl/door/canyonlands_door_vfx_l.rmdl,9524,324,379,9524,324,379,1,1,1,1
mdl/vehicle/goblin_dropship/goblin_dropship_holo.rmdl,78218,1923,3334,78218,1923,3334,1,1,1,1
mdl/fx/ar_marker_arrow_down.rmdl,4464,200,136,4464,200,136,1,1,1,1
mdl/fx/ar_hazard_ring_1.rmdl,22608,840,549,22608,840,549,1,1,1,1
mdl/vehicle/droppod_loot/droppod_loot_ll_holo7.rmdl,3548,58,100,3548,58,100,1,1,1,1
mdl/vehicle/droppod_loot/droppod_loot_ll_holo6.rmdl,5774,141,154,5774,141,154,1,1,1,1
mdl/vehicle/droppod_loot/droppod_loot_ll_holo5.rmdl,6772,126,188,6772,126,188,1,1,1,1
mdl/vehicle/droppod_loot/droppod_loot_ll_holo4.rmdl,15424,288,428,15424,288,428,1,1,1,1
mdl/vehicle/droppod_loot/droppod_loot_ll_holo3.rmdl,7754,135,217,7754,135,217,1,1,1,1
mdl/vehicle/droppod_loot/droppod_loot_ll_holo2.rmdl,5974,105,167,5974,105,167,1,1,1,1
mdl/vehicle/droppod_loot/droppod_loot_ll_holo1.rmdl,4836,70,138,4836,70,138,1,1,1,1
mdl/props/crypto_drone/crypto_drone_destoyed_01.rmdl,11252,502,412,11252,502,412,1,1,1,2
mdl/props/crypto_drone/crypto_drone_destoyed_02.rmdl,65876,2696,2485,65876,2696,2485,1,1,1,1
mdl/props/crypto_drone/crypto_drone_destoyed_03.rmdl,35944,1564,1328,35944,1564,1328,1,1,1,3
mdl/props/crypto_drone/crypto_drone_destoyed_04.rmdl,17076,736,633,17076,736,633,1,1,1,1
mdl/weapons_r5/weapon_tesla_trap/mp_weapon_tesla_trap_ar_link_radius.rmdl,6720,96,192,6720,96,192,1,1,1,1
mdl/vehicle/droppod_loot/droppod_loot_afterburners.rmdl,4356,126,150,4356,126,150,1,1,1,1
mdl/fx/loot_drone_exhaust.rmdl,2820,100,111,2820,100,111,1,1,1,1
mdl/weapons_r5/loot/loot_drone_destruction_wing.rmdl,5376,176,216,5376,176,216,1,1,1,1
mdl/weapons_r5/loot/loot_drone_destruction_tail.rmdl,9704,404,364,9704,404,364,1,1,1,1
mdl/weapons_r5/loot/loot_drone_destruction_body.rmdl,13176,566,489,13176,566,489,1,1,1,1
mdl/rocks/rock_small_02.rmdl,5648,178,229,5648,178,229,1,1,1,1
mdl/fx/crypto_drone_shield.rmdl,4224,200,126,4224,200,126,1,1,1,1
mdl/fx/ar_holoplane.rmdl,140,2,4,140,2,4,1,1,1,1
mdl/fx/emp_flare_ring.rmdl,17424,696,552,17424,696,552,1,1,1,1
mdl/fx/crypto_boot_holo.rmdl,92,2,4,92,2,4,1,1,1,1
mdl/fx/ar_crypto_emp_radius.rmdl,28764,1210,672,28764,1210,672,1,1,1,1
mdl/robots/drone_air_attack/drone_attack_pc_4.rmdl,68300,2620,2629,68300,2620,2629,1,1,1,1
mdl/robots/drone_air_attack/drone_attack_pc_3.rmdl,110720,4330,4237,110720,4330,4237,1,1,1,1
mdl/fx/xo_shield_wall_01.rmdl,33600,720,1098,33600,720,1098,1,1,1,3
mdl/fx/xo_shield_wall_02.rmdl,46864,984,1536,46864,984,1536,1,1,1,3
mdl/fx/xo_shield_wall_03.rmdl,25872,552,846,25872,552,846,1,1,1,3
mdl/fx/turret_shield_wall_01.rmdl,72860,1542,2385,72860,1542,2385,1,1,1,3
mdl/fx/turret_shield_wall_02.rmdl,120012,2490,3940,120012,2490,3940,1,1,1,3
mdl/fx/turret_shield_wall_03.rmdl,102668,2178,3360,102668,2178,3360,1,1,1,3
mdl/fx/bb_shield_p1.rmdl,16968,864,491,16968,864,491,1,1,1,1
mdl/fx/bb_shield_p2.rmdl,13200,640,390,13200,640,390,1,1,1,1
mdl/fx/bb_shield_p3.rmdl,17856,896,520,17856,896,520,1,1,1,1
mdl/fx/bb_shield_p4.rmdl,10872,512,325,10872,512,325,1,1,1,1
mdl/fx/bb_shield_p5.rmdl,10872,512,325,10872,512,325,1,1,1,1
mdl/vehicle/hovership/hovership_afterburner_main.rmdl,1944,52,68,1944,52,68,1,1,1,1
mdl/fx/ar_survival_radius_1x1.rmdl,48376,2052,1442,48376,2052,1442,1,1,1,3
mdl/fx/ar_survival_radius_1x5.rmdl,48376,2052,1442,48376,2052,1442,1,1,1,3
mdl/fx/ring_dmg_geo.rmdl,10632,512,315,10632,512,315,1,1,1,1
mdl/weapons_r5/misc_crypto_drone/crypto_puzzle_led_w.rmdl,16624,344,455,16344,340,447,1,1,2,3
mdl/fx/wat_rock_pc_1.rmdl,2448,108,90,2448,108,90,1,1,1,1
mdl/rubble/concrete_chunk_med_01_body.rmdl,17356,526,710,17356,526,710,1,1,1,1
mdl/backwater/rock_set_backwater_02.rmdl,2696,136,94,2696,136,94,1,1,1,1
mdl/rocks/fract_chunk_small_03.rmdl,13952,472,556,13952,472,556,1,1,1,1
mdl/gibs/wood_gib01_lg.rmdl,14448,264,536,14448,264,536,1,1,1,1
mdl/gibs/human_gibs/gib_small_01.rmdl,3752,172,136,1800,80,66,1,1,4,1
mdl/fx/ar_marker_big_arrow_down.rmdl,11400,360,385,11400,360,385,1,1,1,1
mdl/fx/shield_edge_charged_fx.rmdl,1416,56,45,1416,56,45,1,1,1,1
mdl/fx/frag_grenade_glow_fx.rmdl,8720,280,220,8720,280,220,1,1,1,1
mdl/fx/drone_frag_hex_glow_fx.rmdl,80268,3394,1872,80268,3394,1872,1,1,1,1
mdl/fx/shield_edge_fx.rmdl,1416,56,45,1416,56,45,1,1,1,1
mdl/vehicle/dropship/dropship_afterburner.rmdl,2040,52,72,2040,52,72,1,1,1,1
mdl/fx/lifeline_drone_eye_red.rmdl,3400,160,122,3400,160,122,1,1,1,1
mdl/industrial/air_unit_badlands_02_tall.rmdl,18804,514,786,18804,514,786,1,1,1,1
mdl/industrial/air_unit_badlands_02_short.rmdl,12300,320,519,12300,320,519,1,1,1,1
mdl/IMC_base/siren_wall_IMC_01.rmdl,8700,410,312,8700,410,312,1,1,1,1
mdl/thunderdome/thunderdome_cage_wall_512x352_02.rmdl,52618,1193,2273,29460,670,1272,1,1,3,2
mdl/thunderdome/thunderdome_cage_wall_512x352_01.rmdl,30736,696,1328,18336,416,792,1,1,3,2
mdl/thunderdome/thunderdome_cage_wall_256x352_02.rmdl,12198,263,531,6506,141,283,1,1,3,2
mdl/thunderdome/survival_modular_flexscreens_frame_01.rmdl,89624,2884,3616,42860,1490,1696,1,1,5,1
mdl/thunderdome/thunderdome_cage_ceiling_512x128_01.rmdl,22712,492,988,13352,292,580,1,1,3,2
mdl/thunderdome/thunderdome_cage_wall_256x256_01.rmdl,11644,274,500,6180,150,264,1,1,3,2
mdl/thunderdome/thunderdome_cage_ceiling_256x256_03.rmdl,30732,682,1332,19164,434,828,1,1,3,2
mdl/thunderdome/thunderdome_cage_ceiling_256x256_05.rmdl,14208,288,624,7472,152,328,1,1,3,1
mdl/thunderdome/thunderdome_cage_ceiling_256x256_02.rmdl,19592,412,856,11176,236,488,1,1,3,2
mdl/thunderdome/thunderdome_cage_wall_128x352_03.rmdl,9624,244,408,9624,244,408,1,1,1,2
mdl/thunderdome/thunderdome_cage_wall_128x352_04.rmdl,10808,228,472,6048,128,264,1,1,3,2
mdl/thunderdome/thunderdome_cage_wall_128x352_01.rmdl,21056,456,916,12040,260,524,1,1,3,2
mdl/thunderdome/thunderdome_cage_wall_128x352_02.rmdl,11912,252,520,6232,132,272,1,1,3,2
mdl/thunderdome/thunderdome_cage_ceiling_256x128_03.rmdl,16832,352,736,10256,216,448,1,1,3,2
mdl/thunderdome/thunderdome_cage_ceiling_256x128_02.rmdl,14208,288,624,7472,152,328,1,1,3,1
mdl/thunderdome/thunderdome_cage_ceiling_256x128_04.rmdl,15424,324,674,8744,184,382,1,1,3,2
mdl/thunderdome/thunderdome_cage_ceiling_256x64_02.rmdl,7472,152,328,7472,152,328,1,1,1,1
mdl/thunderdome/thunderdome_cage_ceiling_256x64_04.rmdl,8744,184,382,8744,184,382,1,1,1,2
mdl/thunderdome/thunderdome_cage_wall_256x128_02.rmdl,9800,220,424,5200,120,224,1,1,3,2
mdl/thunderdome/thunderdome_cage_wall_256x128_03.rmdl,7064,164,304,4488,108,192,1,1,3,2
mdl/thunderdome/thunderdome_cage_frame_16x352_01.rmdl,3544,84,152,1704,44,72,1,1,3,2
mdl/thunderdome/thunderdome_spike_traps_small_256_01.rmdl,6064,104,272,6064,104,272,1,1,1,2
mdl/thunderdome/thunderdome_cage_frame_16x32_01.rmdl,1760,40,76,1760,40,76,1,1,1,1
mdl/thunderdome/thunderdome_stands_girder_brace_01.rmdl,17656,556,716,17656,556,716,1,1,1,2
mdl/props/tire_samson_v2_01/tire_samson_v2_01.rmdl,12532,502,476,6848,288,256,1,1,3,1
mdl/thunderdome/thunderdome_cage_frame_16x32_02.rmdl,3544,84,152,1704,44,72,1,1,3,2
mdl/slum_city/slumcity_industrial_scaffolding_128x128_tarp_c.rmdl,9462,417,290,6018,279,181,1,1,3,1
mdl/angel_city/tarp_02.rmdl,23718,1089,716,10722,507,320,1,1,3,1
mdl/IMC_base/generator_IMC_01.rmdl,259816,8646,10397,115154,4259,4480,1,1,5,1
mdl/IMC_base/imc_antenna_03.rmdl,10340,410,394,10340,410,394,1,1,1,1
mdl/playback/playback_railing_01_064.rmdl,35260,1120,1427,20224,684,806,1,1,3,1
mdl/electricalboxes/fusebox_small_b.rmdl,2832,72,120,2280,60,96,1,1,3,1
mdl/thunderdome/thunderdome_screen_tower_01.rmdl,199552,6012,8174,82328,2588,3340,1,1,5,4
mdl/thunderdome/thunderdome_hanging_wire_rings_04.rmdl,44492,1902,1654,29848,1328,1094,1,1,3,2
mdl/thunderdome/thunderdome_stands_awning_01.rmdl,17512,472,734,17512,472,734,1,1,1,3
mdl/thunderdome/thunderdome_gantry_pulley_02.rmdl,137310,4615,5481,96092,3442,3772,1,1,3,3
mdl/thunderdome/thunderdome_barrier_01.rmdl,75680,2140,3142,45144,1404,1836,1,1,3,3
mdl/thunderdome/thunderdome_cage_ceiling_512x128_04.rmdl,24556,526,1070,13592,292,592,1,1,3,3
mdl/thunderdome/thunderdome_cage_ceiling_256x256_06.rmdl,13264,324,566,7072,172,302,1,1,3,3
mdl/thunderdome/thunderdome_hanging_pilot_helmets_04.rmdl,10688,448,400,10688,448,400,1,1,1,2
mdl/thunderdome/thunderdome_hanging_pilot_helmets_06.rmdl,4080,120,168,4080,120,168,1,1,1,2
mdl/thunderdome/thunderdome_cage_frame_03.rmdl,10500,210,385,4968,104,181,1,1,3,2
mdl/slum_city/slumcity_fencewall_128x72_dirty.rmdl,10052,222,436,6464,144,280,1,1,3,2
mdl/thunderdome/thunderdome_cage_frame_01.rmdl,6528,144,236,4344,100,156,1,1,2,2
mdl/thunderdome/thunderdome_gantry_01.rmdl,179520,4200,6434,100600,2516,3564,1,1,4,4
mdl/slum_city/slumcity_column01_40x128_dirty_a.rmdl,20484,406,752,12372,254,452,1,1,3,4
mdl/thunderdome/thunderdome_gantry_pulley_01.rmdl,137598,4623,5493,96092,3442,3772,1,1,3,3
mdl/vistas/canyonlands_drop_se.rmdl,632462,21055,20619,632462,21055,20619,1,1,1,15
mdl/rocks/rock_white_chalk_modular_large_01.rmdl,1480332,50410,49078,701796,26978,22497,1,1,6,1
mdl/rocks/rock_white_chalk_modular_flat_03.rmdl,324840,14096,10011,181176,7972,5556,1,1,6,1
mdl/rocks/rock_white_chalk_modular_cap_02.rmdl,603198,20277,20064,318870,11545,10400,1,1,6,1
mdl/rocks/rock_white_chalk_modular_wallrun_03.rmdl,136188,5070,4407,66180,2678,2088,1,1,6,1
mdl/thunderdome/canyonland_thunderdome_rock_charred_orange_01.rmdl,39880,2240,1322,25380,1490,822,1,1,3,1
mdl/rocks/thunderdome_quarry_block_01.rmdl,10304,534,355,10304,534,355,1,1,1,1
mdl/rocks/thunderdome_quarry_block_01_orange.rmdl,23884,834,944,14104,534,545,1,1,3,1
mdl/rocks/thunderdome_quarry_block_03_orange.rmdl,19312,832,716,10692,512,381,1,1,3,1
mdl/rocks/thunderdome_quarry_block_02.rmdl,10844,574,370,10844,574,370,1,1,1,1
mdl/rocks/thunderdome_quarry_block_02_orange.rmdl,27212,882,1096,16744,574,665,1,1,3,1
mdl/domestic/corgi_doll.rmdl,16748,788,601,16748,788,601,1,1,1,1
mdl/slum_city/slumcity_industrial_scaffolding_64x128_tarp_d.rmdl,4398,193,135,3030,141,91,1,1,3,1
mdl/foliage/bush_desert_01.rmdl,68190,1889,2369,50592,1320,1778,1,1,4,1
mdl/foliage/grass_brown_long_03.rmdl,3024,56,112,1728,32,64,1,1,3,1
mdl/thunderdome/thunderdome_cut_rock_large_01.rmdl,750012,13734,27817,625338,9911,23578,1,1,4,1
mdl/pipes/pipe_modular_painted_yellow_45_angle.rmdl,37728,1360,1232,21840,800,710,1,1,4,1
mdl/canyonlands/fabric_canopy_pole_256_01.rmdl,948,26,33,696,20,24,1,1,2,1
mdl/colony/farmland_fence_rusted_02.rmdl,20472,624,697,15768,496,533,1,1,3,2
mdl/colony/farmland_fence_rusted_01.rmdl,18276,526,630,14076,410,484,1,1,3,2
mdl/thunderdome/canyonland_thunderdome_rock_charred_damaged_orange_01.rmdl,29916,1526,1038,17964,994,600,1,1,3,1
mdl/thunderdome/thunderdome_fan_stands_01.rmdl,4704,104,204,4704,104,204,1,1,1,1
mdl/thunderdome/thunderdome_cage_ceiling_512x128_03.rmdl,14208,288,624,7472,152,328,1,1,3,1
mdl/thunderdome/thunderdome_cage_frame_64x352_01.rmdl,24312,572,1044,12120,300,516,1,1,3,1
mdl/thunderdome/thunderdome_cage_wall_256x128_01.rmdl,4004,94,172,2808,68,120,1,1,2,2
mdl/thunderdome/thunderdome_cage_ceiling_256x64_01.rmdl,840,20,36,840,20,36,1,1,1,2
mdl/thunderdome/thunderdome_stands_girder_32x512_01.rmdl,2024,44,88,2024,44,88,1,1,1,2
mdl/thunderdome/thunderdome_cage_ceiling_64x64_01.rmdl,11088,248,480,11088,248,480,1,1,1,2
mdl/thunderdome/thunderdome_cage_door_01.rmdl,20552,452,892,10776,236,468,1,1,3,2
mdl/thunderdome/thunderdome_cage_frame_32x32_01.rmdl,1760,40,76,1760,40,76,1,1,1,1
mdl/industrial/landing_mat_metal.rmdl,191852,7182,7438,123964,4614,4814,1,1,4,1
mdl/thunderdome/thunderdome_cage_frame_02.rmdl,5584,144,236,3720,100,156,1,1,2,1
mdl/thunderdome/thunderdome_spike_traps_small_128_01.rmdl,3176,56,142,3176,56,142,1,1,1,2
mdl/thunderdome/thunderdome_hanging_wire_rings_02.rmdl,93176,2826,3811,63748,1968,2597,1,1,3,3
mdl/rocks/rock_white_chalk_modular_01.rmdl,110172,5426,3234,62460,3246,1791,1,1,6,1
mdl/levels_terrain/mp_rr_canyonlands/canyonlands_mall_bone_01.rmdl,52896,2196,1986,25004,1174,898,1,1,5,1
mdl/levels_terrain/mp_rr_canyonlands/canyonlands_mall_bone_02.rmdl,46100,1850,1750,21524,974,784,1,1,4,1
mdl/thunderdome/thunderdome_cage_wall_sand_256x128_03.rmdl,8280,164,304,5256,108,192,1,1,3,2
mdl/rocks/desert_rock_cluster_small_02.rmdl,127944,6094,4569,61388,3208,2107,1,1,4,1
mdl/rocks/desert_rock_cluster_small_03.rmdl,147372,6682,5364,85864,4424,2966,1,1,4,1
mdl/thunderdome/thunderdome_hanging_wire_rings_03.rmdl,106168,3358,4301,73436,2376,2959,1,1,3,3
mdl/thunderdome/thunderdome_hanging_wire_rings_01.rmdl,44492,1902,1654,29848,1328,1094,1,1,3,2
mdl/thunderdome/thunderdome_stands_grate_01.rmdl,12192,272,528,12192,272,528,1,1,1,3
mdl/thunderdome/thunderdome_cage_ceiling_256x256_04.rmdl,22908,498,996,13524,294,588,1,1,3,3
mdl/thunderdome/thunderdome_cage_frame_04.rmdl,7440,152,272,5022,105,183,1,1,2,2
mdl/thunderdome/thunderdome_cage_floor_128x128_01.rmdl,2912,72,124,2216,56,94,1,1,2,3
mdl/thunderdome/thunderdome_cage_floor_32x64_01.rmdl,2216,56,94,2216,56,94,1,1,1,3
mdl/containers/lagoon_roof_tanks_01.rmdl,208842,5979,7207,118692,3614,4042,1,1,4,3
mdl/nexus/nex_pipe_set_b.rmdl,145218,4883,4830,87660,3238,2843,1,1,3,1
mdl/nexus/nex_pipe_set_a.rmdl,42108,914,1526,23154,527,833,1,1,3,1
mdl/nexus/nex_pipe_set_corner.rmdl,40704,1568,1304,20352,784,652,1,1,2,1
mdl/rocks/rock_white_chalk_modular_wallrun_01.rmdl,1252896,39976,42210,527634,19163,17194,1,1,5,1
mdl/levels_terrain/sp_tday/tday_vtol_landing_pad_square_01.rmdl,58456,1476,2480,36888,948,1560,1,1,2,3
mdl/nexus/nex_support_beams.rmdl,16920,420,720,16920,420,720,1,1,1,1
mdl/nexus/nex_support_beam_corner.rmdl,1104,24,48,1104,24,48,1,1,1,1
mdl/thunderdome/thunderdome_prowler_hatch_01.rmdl,118944,3654,4851,55676,1726,2266,1,1,3,1
mdl/thunderdome/thunderdome_cut_rock_large_02.rmdl,576582,10553,21386,483126,7757,18191,1,1,4,1
mdl/IMC_base/landing_pad_tarmac_nobase.rmdl,386610,12675,15528,241274,8089,9637,1,1,4,6
mdl/playback/playback_staircase_railing_quad_01_a.rmdl,8036,226,334,5152,152,212,1,1,3,1
mdl/playback/playback_staircase_railing_quad_01_b.rmdl,8036,226,334,5152,152,212,1,1,3,1
mdl/playback/playback_staircase_railing_pole_01_a.rmdl,6964,194,290,4656,136,192,1,1,3,1
mdl/playback/playback_staircase_railing_pole_01_b.rmdl,6964,194,290,4656,136,192,1,1,3,1
mdl/electricalboxes/fuseboxnodoor.rmdl,4776,136,198,3496,96,146,1,1,2,1
mdl/electricalboxes/fusebox_redgauges.rmdl,5304,144,222,3576,96,150,1,1,2,1
mdl/IMC_base/landing_pad_arm_top.rmdl,227760,5252,8177,114876,2826,4080,1,1,3,2
mdl/thunderdome/thunderdome_cage_floor_64x64_01.rmdl,2940,80,123,2940,80,123,1,1,1,3
mdl/thunderdome/thunderdome_cage_floor_128x64_01.rmdl,4016,96,172,2176,56,92,1,1,3,3
mdl/playback/playback_staircase_64_quad_01_a.rmdl,56856,1140,2084,34464,720,1256,1,1,3,2
mdl/playback/playback_bridge_panel_064x064_01.rmdl,23976,780,804,20988,722,694,1,1,2,2
mdl/lamps/runway_light_2ft_blue_on.rmdl,12024,454,465,12024,454,465,1,1,1,2
mdl/thunderdome/thunderdome_spike_traps_large_128_01.rmdl,3176,56,142,3176,56,142,1,1,1,2
mdl/thunderdome/thunderdome_spike_traps_small_64_01.rmdl,1856,36,82,1856,36,82,1,1,1,2
